Question,Choice 1,Choice 2,Choice 3,Choice 4,Correct Answer (1-4),Explanation,Difficulty,Subject,Chapter,Topic
Industrial/Organizational psychology is best defined as the field that:,Studies mental disorders in workplace settings,Applies psychological principles to understand and improve behavior at work,Focuses only on personnel selection and testing,Deals primarily with labor law and compensation disputes,2,"I/O psychology studies behavior in work settings and applies psychological principles to improve work outcomes, employee functioning, and organizational effectiveness.",Medium,Industrial/Organizational Psychology,Exam 1,Exam 1
Which activity is most clearly within the traditional industrial side of I/O psychology?,Studying group cohesion in project teams,Designing a selection battery for call center applicants,Examining organizational culture,Analyzing political behavior in organizations,2,"The industrial side focuses on staffing, selection, training, and performance measurement. Designing a selection battery fits this area directly.",Medium,Industrial/Organizational Psychology,Exam 1,Exam 1
Which statement best reflects the scientist-practitioner model in I/O psychology?,Practice is more important than research because work settings change quickly,Research and practice should inform one another in solving workplace problems,Scientific work should be limited to universities,Practitioners should avoid theory because it complicates decisions,2,The scientist-practitioner model holds that sound practice should be grounded in research and research should address real workplace problems.,Medium,Industrial/Organizational Psychology,Exam 1,Exam 1
Which early contributor is most strongly associated with scientific management?,Hugo Munsterberg,Walter Dill Scott,Frederick W. Taylor,Elton Mayo,3,Taylor is associated with scientific management and time-and-motion studies aimed at increasing efficiency.,Medium,Industrial/Organizational Psychology,Exam 1,Exam 1
"A company increases productivity after changing lighting levels, but productivity also increases when lighting is later reduced. This finding is most closely associated with:",Goal-setting theory,The Hawthorne effect,Equity theory,Expectancy theory,2,"The Hawthorne effect refers to behavior change resulting from attention or awareness of being studied, not necessarily from the work condition itself.",Medium,Industrial/Organizational Psychology,Exam 1,Exam 1
Which historical development most directly increased the emphasis on fairness in employee selection?,Human relations movement,Civil rights legislation,Time-and-motion studies,Trait theory of leadership,2,"Civil rights laws sharply increased attention to fair, job-related, and legally defensible selection systems.",Medium,Industrial/Organizational Psychology,Exam 1,Exam 1
"In a validation study, an organization finds that a cognitive ability test predicts training success. This evidence primarily supports the test’s:",Reliability,Content validity,Criterion-related validity,Face validity,3,"If a test predicts an important outcome such as training success, that is criterion-related validity.",Medium,Industrial/Organizational Psychology,Exam 1,Exam 1
Which research design provides the strongest basis for causal inference?,Case study,Correlational study,Experimental design,Archival survey,3,"Because experiments involve manipulation and control, they provide the strongest basis for causal claims.",Medium,Industrial/Organizational Psychology,Exam 1,Exam 1
An I/O psychologist examines the relationship between job satisfaction and absenteeism without manipulating either variable. This is an example of:,Experimental research,Correlational research,Meta-analysis,Action research,2,The researcher is measuring naturally occurring variables and examining their relationship without manipulation.,Medium,Industrial/Organizational Psychology,Exam 1,Exam 1
A researcher combines results from many studies on the relationship between structured interviews and job performance. This is:,Test-retest design,Quasi-experiment,Meta-analysis,Cross-validation,3,Meta-analysis statistically summarizes findings across multiple studies.,Medium,Industrial/Organizational Psychology,Exam 1,Exam 1
Which statement about reliability is most accurate?,A test can be valid even if it is completely unreliable,Reliability refers to consistency of measurement,Reliability guarantees fairness,Reliability and validity are the same concept,2,Reliability concerns whether a measure yields stable and consistent results.,Medium,Industrial/Organizational Psychology,Exam 1,Exam 1
"When a test appears job-related to applicants, it is high in:",Predictive validity,Internal consistency,Face validity,Differential validity,3,Face validity reflects whether a test appears relevant and acceptable to test takers.,Medium,Industrial/Organizational Psychology,Exam 1,Exam 1
Which method would be most appropriate for identifying actual tasks performed by a machine operator during a shift?,Personality inventory,Direct observation,Assessment center,Organizational survey,2,"Direct observation is especially useful for visible, concrete job tasks such as machine operation.",Medium,Industrial/Organizational Psychology,Exam 1,Exam 1
A major purpose of job analysis is to:,Eliminate the need for performance appraisal,Identify job duties and worker requirements,Predict national labor trends,Replace training needs assessment,2,"Job analysis defines tasks, duties, responsibilities, and the KSAOs needed for performance.",Medium,Industrial/Organizational Psychology,Exam 1,Exam 1
Which job analysis method relies heavily on observing critical behaviors that distinguish effective from ineffective performance?,Critical incidents technique,Assessment center,Forced distribution,Graphic rating scale,1,This method collects examples of effective and ineffective behaviors to identify important job requirements.,Medium,Industrial/Organizational Psychology,Exam 1,Exam 1
O*NET is most useful because it:,Serves as a national database of occupational information,Replaces local job analysis in all cases,Measures employee motivation directly,Eliminates legal concerns in selection,1,O*NET provides standardized occupational descriptions and job-related information across occupations.,Medium,Industrial/Organizational Psychology,Exam 1,Exam 1
"In recruitment, the primary purpose of a realistic job preview is to:",Attract as many applicants as possible regardless of fit,Increase initial applicant reactions only,Reduce turnover by providing balanced job information,Replace structured interviews,3,"Realistic job previews help applicants form accurate expectations, reducing later dissatisfaction and turnover.",Medium,Industrial/Organizational Psychology,Exam 1,Exam 1
Which recruitment source is most likely to increase workforce homogeneity if overused?,Public employment office,Employee referrals,Online job boards,University placement centers,2,Referral systems may reproduce existing workforce similarity if employees recommend people like themselves.,Medium,Industrial/Organizational Psychology,Exam 1,Exam 1
A predictor shows adverse impact against a protected group. The employer’s best defense is to show that the predictor:,Is popular among supervisors,Has high face validity,Is job related and consistent with business necessity,Is cheaper than alternatives,3,"Where adverse impact exists, the employer must typically demonstrate that the procedure is job related and necessary.",Medium,Industrial/Organizational Psychology,Exam 1,Exam 1
Which statement best describes a bona fide occupational qualification?,Any requirement preferred by management,A qualification reasonably necessary to the normal operation of the business,Any trait related to organizational culture,A general defense for intelligence tests,2,A BFOQ is a narrow legal exception allowing certain otherwise discriminatory qualifications when essential to business operation.,Medium,Industrial/Organizational Psychology,Exam 1,Exam 1
Which interview type generally produces the highest reliability and validity?,Unstructured interview,Stress interview,Structured interview,Panel interview without standardized scoring,3,"Structured interviews standardize questions, scoring, and evaluation criteria, improving reliability and validity.",Medium,Industrial/Organizational Psychology,Exam 1,Exam 1
Which is the strongest advantage of structured interviews over unstructured interviews?,They are always shorter,They reduce interviewer discretion and increase standardization,They eliminate faking,They do not require job analysis,2,"This reduces bias, increases comparability across candidates, and strengthens defensibility.",Medium,Industrial/Organizational Psychology,Exam 1,Exam 1
A situational interview question usually asks applicants:,To describe a past behavior,To interpret a personality profile,What they would do in a hypothetical job situation,To complete a work sample,3,Situational interviews present job-relevant hypothetical scenarios and ask how the applicant would respond.,Medium,Industrial/Organizational Psychology,Exam 1,Exam 1
Biodata is best described as:,A biological assessment of stress hormones,Weighted information about an applicant’s life and work history,A clinical interview used in diagnosis,A method for observing behavior on the job,2,Biodata uses biographical information shown empirically to relate to work outcomes.,Medium,Industrial/Organizational Psychology,Exam 1,Exam 1
Which selection method has especially strong content validity when it closely resembles actual job tasks?,Integrity test,Work sample,Interest inventory,Graphology,2,Work samples are highly job related because they require applicants to perform representative job tasks.,Medium,Industrial/Organizational Psychology,Exam 1,Exam 1
Integrity tests are primarily intended to predict:,Physical stamina,Counterproductive work behaviors,Cognitive complexity,Leadership emergence,2,"Integrity tests are intended to predict theft, dishonesty, rule-breaking, and related deviance.",Medium,Industrial/Organizational Psychology,Exam 1,Exam 1
Which statement about cognitive ability tests is most accurate?,They are generally poor predictors of job performance,They often predict training and job performance well,They cannot be validated legally,They measure only acquired knowledge,2,Cognitive ability is one of the strongest general predictors of training success and many forms of job performance.,Medium,Industrial/Organizational Psychology,Exam 1,Exam 1
Assessment centers are especially appropriate when selecting:,Entry-level workers for repetitive manual tasks only,Applicants for managerial or supervisory roles,Applicants when no job analysis exists,Workers for jobs requiring no interpersonal skill,2,"Assessment centers are commonly used for complex roles involving leadership, communication, and decision making.",Medium,Industrial/Organizational Psychology,Exam 1,Exam 1
Which of the following best illustrates criterion contamination?,A predictor fails to cover all job tasks,A performance criterion is influenced by factors unrelated to actual performance,The criterion is too broad,Applicants dislike the test,2,Criterion contamination occurs when the criterion includes irrelevant influences such as favoritism or opportunity differences.,Medium,Industrial/Organizational Psychology,Exam 1,Exam 1
"If a performance appraisal is used primarily to improve employee development, the rater should emphasize:",Punitive documentation,Specific behavioral feedback,Forced ranking only,Seniority-based comparisons,2,"Developmental appraisal works best when employees receive concrete, behavior-focused feedback they can act on.",Medium,Industrial/Organizational Psychology,Exam 1,Exam 1
Which source of appraisal information is especially vulnerable to halo error?,Objective production records,Single overall supervisor impressions,Electronic performance logs,Work sample tests,2,A rater relying on general impressions is especially prone to halo effects.,Medium,Industrial/Organizational Psychology,Exam 1,Exam 1
A supervisor rates an employee high on all dimensions because the employee is very punctual. This is an example of:,Central tendency,Recency effect,Halo error,Contrast effect,3,A single favorable trait spreads across unrelated rating dimensions.,Medium,Industrial/Organizational Psychology,Exam 1,Exam 1
Recency error occurs when:,Raters give everyone average scores,Recent behavior is weighted too heavily in appraisal,The first impression dominates ratings,Supervisors compare employees with themselves,2,Recency error overemphasizes what happened just before the rating.,Medium,Industrial/Organizational Psychology,Exam 1,Exam 1
Behaviorally Anchored Rating Scales are designed primarily to:,Eliminate the need for rater training,Link performance dimensions with specific behavioral examples,Rank employees from best to worst,Measure personality rather than performance,2,"BARS anchors scale points with examples of actual job behavior, improving clarity.",Medium,Industrial/Organizational Psychology,Exam 1,Exam 1
Which appraisal system is most likely to increase legal defensibility?,Vague traits with no documentation,Standardized dimensions derived from job analysis,Informal impressions by managers,Ratings based solely on loyalty,2,"Job-related, documented, standardized appraisal systems are more defensible legally and more accurate.",Medium,Industrial/Organizational Psychology,Exam 1,Exam 1
A 360-degree feedback system typically includes ratings from:,Supervisors only,Peers only,"Multiple sources such as supervisors, peers, and subordinates",Customers only,3,360-degree feedback gathers perspectives from several relevant raters.,Medium,Industrial/Organizational Psychology,Exam 1,Exam 1
The first step in effective training design is usually to:,Deliver the program,Conduct a training needs assessment,Reward attendance,Select a trainer based on popularity,2,Training should begin with diagnosing whether training is needed and what type is needed.,Medium,Industrial/Organizational Psychology,Exam 1,Exam 1
"Which type of training needs analysis focuses on whether an individual employee lacks knowledge, skill, or readiness?",Organizational analysis,Task analysis,Person analysis,Utility analysis,3,Person analysis examines who needs training and whether the individual lacks required competencies or readiness.,Medium,Industrial/Organizational Psychology,Exam 1,Exam 1
A company wants trainees to practice handling angry customers in a safe but realistic format. The best method is:,Lecture,Role-play,Job rotation only,Programmed text,2,Role-play is ideal for practicing interpersonal responses in realistic but controlled situations.,Medium,Industrial/Organizational Psychology,Exam 1,Exam 1
Transfer of training is most likely when:,The training content is unrelated to job demands,Supervisors discourage use of new skills,Trainees can practice behaviors similar to those required on the job,Training occurs without feedback,3,Transfer improves when training closely resembles job demands and trainees can apply new skills.,Medium,Industrial/Organizational Psychology,Exam 1,Exam 1
Which level of training evaluation focuses on whether trainees liked the program?,Reaction,Learning,Behavior,Results,1,Reaction evaluation assesses trainee satisfaction or immediate impressions of the program.,Medium,Industrial/Organizational Psychology,Exam 1,Exam 1
Which statement about motivation is most consistent with expectancy theory?,People are motivated only by unmet physiological needs,"Motivation depends on expected links among effort, performance, and outcomes",Motivation is caused mainly by reinforcement history,Motivation depends only on fairness judgments,2,"Expectancy theory proposes that motivation depends on expectancy, instrumentality, and valence.",Medium,Industrial/Organizational Psychology,Exam 1,Exam 1
An employee works hard because she believes effort will improve performance and good performance will lead to a valued bonus. This is best explained by:,Equity theory,Expectancy theory,Need hierarchy,Two-factor theory,2,The employee believes effort leads to performance and performance leads to a valued reward.,Medium,Industrial/Organizational Psychology,Exam 1,Exam 1
"According to equity theory, employees are most likely to feel distress when they:",Receive feedback,Perceive imbalance between their inputs and outcomes relative to others,Have high achievement needs,Lack autonomy,2,Equity theory centers on social comparison and perceived fairness of exchange ratios.,Medium,Industrial/Organizational Psychology,Exam 1,Exam 1
"Which theory is most closely associated with the importance of specific, difficult goals?",Goal-setting theory,Drive reduction theory,Human relations theory,Trait activation theory,1,Goal-setting theory highlights the motivational effect of specific and challenging goals.,Medium,Industrial/Organizational Psychology,Exam 1,Exam 1
"In Herzberg’s two-factor theory, salary and company policy are usually considered:",Motivators,Hygiene factors,Growth needs,Valences,2,"In Herzberg’s theory, salary and policy prevent dissatisfaction but do not necessarily create lasting satisfaction.",Medium,Industrial/Organizational Psychology,Exam 1,Exam 1
"According to the Job Characteristics Model, experienced meaningfulness is promoted by:",Low autonomy and low feedback,"Skill variety, task identity, and task significance",Extrinsic rewards only,Strict supervision and close control,2,These core job dimensions contribute to experienced meaningfulness in the Job Characteristics Model.,Medium,Industrial/Organizational Psychology,Exam 1,Exam 1
Self-determination theory emphasizes that intrinsic motivation is strengthened when work supports:,"Centralization, surveillance, and punishment","Autonomy, competence, and relatedness",Seniority and tenure,Competition and scarcity,2,Self-determination theory emphasizes these basic psychological needs.,Medium,Industrial/Organizational Psychology,Exam 1,Exam 1
Job satisfaction is best described as:,A permanent personality trait,A positive emotional response toward one’s job,The same as organizational commitment,An objective measure of productivity,2,Job satisfaction is an evaluative and affective response to one’s work or job conditions.,Medium,Industrial/Organizational Psychology,Exam 1,Exam 1
Which form of commitment reflects staying with an organization because leaving would be costly?,Affective commitment,Normative commitment,Continuance commitment,Moral commitment,3,Continuance commitment involves staying because the perceived cost of leaving is high.,Medium,Industrial/Organizational Psychology,Exam 1,Exam 1
Organizational citizenship behavior refers to:,Minimum required performance,Voluntary behavior that supports the organization but is not formally required,Union activity,Turnover intention,2,OCB includes extra-role helpful behavior that benefits the organization.,Medium,Industrial/Organizational Psychology,Exam 1,Exam 1
Which statement about job satisfaction and performance is most accurate?,They are completely unrelated,High performance always causes dissatisfaction,"They are positively related, though the relationship is not perfect",Satisfaction matters only in clerical jobs,3,Research generally shows a modest positive relationship between satisfaction and performance.,Medium,Industrial/Organizational Psychology,Exam 1,Exam 1
Which is the best example of absenteeism as a work attitude outcome?,Staying late to help a coworker,Frequently failing to report for scheduled work,Reporting harassment,Applying for promotion,2,Absenteeism involves failure to attend scheduled work and is often linked to negative work attitudes.,Medium,Industrial/Organizational Psychology,Exam 1,Exam 1
Burnout is most commonly characterized by:,"Emotional exhaustion, cynicism, and reduced accomplishment",Increased intrinsic motivation,High organizational commitment,Improved concentration under stress,1,These are the classic components associated with burnout.,Medium,Industrial/Organizational Psychology,Exam 1,Exam 1
Role ambiguity is present when an employee:,Has too many tasks,Receives incompatible job demands,Is unclear about expectations and responsibilities,Works long hours,3,Role ambiguity occurs when employees do not know what is expected of them.,Medium,Industrial/Organizational Psychology,Exam 1,Exam 1
Role conflict occurs when:,A worker does not understand instructions,Two or more job demands are incompatible,A person lacks ability,A task is repetitive,2,Role conflict arises when fulfilling one expectation makes it difficult to fulfill another.,Medium,Industrial/Organizational Psychology,Exam 1,Exam 1
Which is an example of a dispositional source of stress?,Excessive workload,Ambiguous policies,Type A pattern or negative affectivity,Unsafe lighting,3,Dispositional stressors come from characteristics within the individual.,Medium,Industrial/Organizational Psychology,Exam 1,Exam 1
Counterproductive work behavior includes:,Helping a new employee learn the job,Voluntary attendance at safety training,"Theft, sabotage, or chronic withdrawal",Suggesting process improvements,3,These are classic counterproductive work behaviors.,Medium,Industrial/Organizational Psychology,Exam 1,Exam 1
Which organizational strategy is most likely to reduce stress?,Increasing role ambiguity,Removing employee control where possible,Clarifying roles and improving supervisor support,Encouraging constant overtime,3,Stress is reduced when expectations are clear and support is available.,Medium,Industrial/Organizational Psychology,Exam 1,Exam 1
"In communication, the grapevine refers to:",Formal top-down memos,Informal channels through which information spreads,A legal grievance system,Computerized performance dashboards,2,The grapevine is the organization’s informal communication network.,Medium,Industrial/Organizational Psychology,Exam 1,Exam 1
Which communication flow occurs when employees send information to higher levels of management?,Downward,Upward,Lateral,Diagonal only,2,Upward communication moves from lower to higher organizational levels.,Medium,Industrial/Organizational Psychology,Exam 1,Exam 1
Noise in the communication process refers to:,Loud sound in the workplace only,Any factor that interferes with accurate message transmission or interpretation,The sender’s authority,Formal chain of command,2,"Noise includes physical, semantic, psychological, or organizational interference.",Medium,Industrial/Organizational Psychology,Exam 1,Exam 1
Group cohesion generally refers to:,The amount of conflict in a group,The attractiveness of the group to its members,The size of the formal hierarchy,The degree of centralization,2,Cohesion reflects the strength of members’ desire to remain in and support the group.,Medium,Industrial/Organizational Psychology,Exam 1,Exam 1
Groupthink is most likely when:,Members critically evaluate alternatives,Cohesive groups discourage dissent and strive for unanimity,Roles are clearly differentiated,Team diversity is high and well managed,2,Groupthink involves pressure toward consensus and insufficient critical evaluation.,Medium,Industrial/Organizational Psychology,Exam 1,Exam 1
Social loafing is best described as:,Better performance in the presence of others,Reduced individual effort when working in a group,Conflict between departments,A norm of helping behavior,2,Social loafing occurs when individual effort declines because responsibility is diffused.,Medium,Industrial/Organizational Psychology,Exam 1,Exam 1
Which conflict style reflects high concern for self and low concern for others?,Avoiding,Accommodating,Competing,Collaborating,3,Competing reflects assertiveness for one’s own goals with relatively low cooperativeness.,Medium,Industrial/Organizational Psychology,Exam 1,Exam 1
Which statement best distinguishes work teams from simple work groups?,Teams never experience conflict,Teams usually require interdependence and shared goals,Teams are always larger than groups,Teams eliminate individual accountability,2,Teams are distinguished by coordinated effort and interdependent work toward shared outcomes.,Medium,Industrial/Organizational Psychology,Exam 1,Exam 1
Trait theories of leadership assume that:,Leadership depends only on training,Certain individual characteristics are associated with leadership effectiveness,Leadership is irrelevant to performance,All leaders behave the same way,2,"Trait approaches focus on qualities such as confidence, intelligence, and dominance linked to leadership.",Medium,Industrial/Organizational Psychology,Exam 1,Exam 1
Fiedler’s contingency model emphasizes the match between:,Pay and satisfaction,Leader style and situational favorableness,Personality and integrity,Justice and commitment,2,Fiedler proposed that leadership effectiveness depends on fit between style and situation.,Medium,Industrial/Organizational Psychology,Exam 1,Exam 1
Transformational leaders are most likely to:,Rely only on punishments,"Inspire followers through vision, intellectual stimulation, and individualized consideration",Avoid change,Focus solely on short-term exchanges,2,These are hallmark features of transformational leadership.,Medium,Industrial/Organizational Psychology,Exam 1,Exam 1
Leader-member exchange theory focuses on:,The legal basis of leadership,Differences in relationships leaders form with various subordinates,Reinforcement schedules used by leaders,Whether leaders are born or made,2,LMX theory stresses that leaders develop varying quality relationships with different followers.,Medium,Industrial/Organizational Psychology,Exam 1,Exam 1
Power based on a leader’s expertise is called:,Legitimate power,Coercive power,Expert power,Referent power,3,Expert power comes from specialized knowledge or competence.,Medium,Industrial/Organizational Psychology,Exam 1,Exam 1
Organizational politics is best defined as:,Government regulation of employment,Informal efforts to influence others and decisions to protect or advance self-interest,The formal chain of command,Collective bargaining only,2,"Organizational politics involves influence behavior outside formal authority structures, often self-serving.",Medium,Industrial/Organizational Psychology,Exam 1,Exam 1
"Which organizational structure is characterized by many rules, high formalization, and centralized decision-making?",Organic structure,Matrix structure,Mechanistic structure,Network structure,3,"Mechanistic structures are formalized, centralized, and rule-bound.",Medium,Industrial/Organizational Psychology,Exam 1,Exam 1
Span of control refers to:,The number of reward systems in an organization,The number of subordinates reporting directly to a manager,The degree of task identity,The extent of job enlargement,2,Span of control describes the breadth of direct supervision.,Medium,Industrial/Organizational Psychology,Exam 1,Exam 1
Organizational culture refers to:,Nationality composition only,"Shared assumptions, values, and norms that shape behavior",Written policies only,Formal structure and hierarchy exclusively,2,Organizational culture is the shared meaning system guiding how people think and act at work.,Medium,Industrial/Organizational Psychology,Exam 1,Exam 1
Organizational development is best described as:,Replacing all managers,"Planned, organization-wide efforts to improve effectiveness and health",A method for computing utility tables,A legal approach to staffing,2,Organization development uses planned change to improve functioning and quality of organizational life.,Medium,Industrial/Organizational Psychology,Exam 1,Exam 1
Which intervention is most consistent with organization development?,Job knowledge testing,Survey feedback,Integrity screening,Biodata scoring,2,Survey feedback is a classic OD intervention in which data are collected and fed back for change planning.,Medium,Industrial/Organizational Psychology,Exam 1,Exam 1
A company replaces several layers of management with self-managed teams. This is most consistent with:,Centralization,Downsizing and flatter structure,Scientific management only,Forced ranking,2,"Removing layers and using self-managed teams reflects a flatter organizational form, often associated with downsizing or restructuring.",Medium,Industrial/Organizational Psychology,Exam 1,Exam 1
A test administrator allows an untrained clerk to interpret psychometric test results for job applicants. This is most ethically problematic because it violates:,Impression management,Boundaries of competence,Group norms,Face validity,2,Allowing an unqualified person to interpret tests violates competence standards and may harm applicants.,Medium,Industrial/Organizational Psychology,Exam 1,Exam 1
"Under professional ethical principles, confidential client or examinee information may be disclosed without consent when:",A friend is curious,A supervisor wants gossip,Disclosure is legally mandated or necessary to prevent serious harm,The psychologist wants a teaching example,3,Confidentiality may be limited where law requires disclosure or where serious harm must be prevented.,Medium,Industrial/Organizational Psychology,Exam 1,Exam 1
Which practice is most consistent with ethical test use?,Using any available test as long as it is inexpensive,Providing interpretations beyond one’s competence,Explaining test purposes and limitations to the examinee when appropriate,Posting examinee scores publicly for transparency,3,"Ethical testing includes informed consent elements, proper explanation, and respectful administration.",Medium,Industrial/Organizational Psychology,Exam 1,Exam 1
A psychology practitioner is asked to provide services in a new area using unfamiliar techniques. The most ethical initial response is to:,Accept immediately to gain experience,Proceed without supervision,"Obtain education, consultation, supervision, or make an appropriate referral",Delegate the work to any available employee,3,Ethical practice requires working within competence and taking steps to build competence or refer appropriately.,Medium,Industrial/Organizational Psychology,Exam 1,Exam 1
Which situation best illustrates a potentially harmful multiple relationship?,Conducting a structured interview,Evaluating the job performance of one’s romantic partner in an organization,Conducting a job analysis for a new position,Using more than one predictor in hiring,2,This creates a likely conflict of interest and threatens objectivity and fairness.,Medium,Industrial/Organizational Psychology,Exam 1,Exam 1
Republic Act No. 10029 is most directly relevant to psychometricians because it:,Regulates labor unions,Defines the legal framework for the practice of psychology and psychometrics in the Philippines,Sets minimum wage rates,Replaces ethical codes,2,"RA 10029 is the Philippine Psychology Act of 2009, which regulates the professional practice of psychology and psychometrics.",Medium,Industrial/Organizational Psychology,Exam 1,Exam 1
A registered psychometrician in the Philippines would be acting beyond proper limits if he independently:,Administers and scores standardized objective tests within authorized functions,Prepares test data for review,Conducts final psychological psychotherapy as though licensed as a psychologist,Assists in assessment-related procedures under proper standards,3,A psychometrician must work within legally defined professional scope and should not independently perform functions reserved to licensed psychologists or other authorized professionals.,Medium,Industrial/Organizational Psychology,Exam 1,Exam 1
Which scenario best reflects an ethical issue in test administration?,Standardized instructions are followed closely,Time limits are changed for one favored applicant without valid accommodation basis,Test materials are secured,Scoring keys are verified,2,"Changing standardized administration unfairly for favoritism compromises fairness, validity, and ethics.",Medium,Industrial/Organizational Psychology,Exam 1,Exam 1
A company uses social media screening to reject applicants based on irrelevant private characteristics. The main I/O concern is:,Utility maximization only,"Fairness, privacy, and job relevance",Increasing criterion deficiency,Leader-member exchange,2,Social media screening raises concerns when irrelevant personal information affects hiring decisions.,Medium,Industrial/Organizational Psychology,Exam 1,Exam 1
Which statement best reflects evidence-based I/O practice?,Decisions should rely primarily on managerial intuition,Interventions should be guided by the best available research and local data,Organizational traditions are always superior to data,Employee attitudes are too subjective to measure,2,"Evidence-based practice integrates scientific findings, organizational data, and professional judgment.",Medium,Industrial/Organizational Psychology,Exam 1,Exam 1
Which is the best example of criterion deficiency?,A performance measure includes favoritism,A performance measure omits important aspects of job performance,Scores vary across raters,The measure has high face validity,2,Criterion deficiency occurs when the criterion fails to capture relevant dimensions of performance.,Medium,Industrial/Organizational Psychology,Exam 1,Exam 1
"In utility analysis, the practical question is:",Whether employees like the test,Whether a selection method provides economic value to the organization,Whether a rater is lenient,Whether training is entertaining,2,Utility analysis asks whether a method improves decisions enough to justify its cost.,Medium,Industrial/Organizational Psychology,Exam 1,Exam 1
"When an organization uses a top-down selection approach, it generally:",Randomly hires qualified candidates,Selects applicants starting from the highest predictor scores,Gives priority to seniority only,Avoids cut scores altogether,2,Top-down selection ranks applicants by scores and hires from the top downward.,Medium,Industrial/Organizational Psychology,Exam 1,Exam 1
A supervisor compares a current average employee with an exceptionally poor previous employee and gives the current employee an inflated rating. This is:,Contrast error,Recency error,Leniency error,Similar-to-me bias,1,Contrast error occurs when one employee is judged relative to another instead of against standards.,Medium,Industrial/Organizational Psychology,Exam 1,Exam 1
Which intervention is most likely to improve procedural justice perceptions during layoffs?,Giving no explanation to employees,Using consistent procedures and communicating decisions respectfully,Keeping criteria secret,Letting only one manager decide without standards,2,"Procedural justice improves when procedures are consistent, explained, and implemented with dignity.",Medium,Industrial/Organizational Psychology,Exam 1,Exam 1
Which statement about workplace diversity is most accurate from an I/O perspective?,Diversity is always harmful to team performance,Diversity has no effect unless mandated by law,Diversity can improve creativity and decision quality when managed effectively,Diversity concerns are unrelated to organizational culture,3,"Diversity can bring broader perspectives and better problem solving, but outcomes depend on management and climate.",Medium,Industrial/Organizational Psychology,Exam 1,Exam 1
An organization wants to reduce turnover among new hires. Which combination is most defensible?,Vague job ads and delayed onboarding,Realistic job previews and effective socialization,Increasing role ambiguity,Unstructured interviews only,2,Accurate expectations and strong onboarding help new hires adjust and remain.,Medium,Industrial/Organizational Psychology,Exam 1,Exam 1
Which best illustrates person-job fit?,The employee likes the organization’s logo,The employee’s abilities and interests match job demands,The employee has many friends at work,The employee has long tenure regardless of skill,2,Person-job fit concerns compatibility between the individual and the specific job.,Medium,Industrial/Organizational Psychology,Exam 1,Exam 1
Which best illustrates person-organization fit?,Matching an employee’s values with organizational values and culture,Matching an employee’s height with desk size,Matching an applicant’s typing speed with data entry demands,Matching pay to local market rates only,1,Person-organization fit emphasizes value congruence and compatibility with the broader organization.,Medium,Industrial/Organizational Psychology,Exam 1,Exam 1
A supervisor wants to increase safe behavior on a production line by praising workers immediately after correct safety procedures. This is most consistent with:,Reinforcement theory,Equity theory,Path-goal theory,Great man theory,1,Immediate praise following desired behavior is positive reinforcement.,Medium,Industrial/Organizational Psychology,Exam 1,Exam 1
Which statement best captures the central aim of I/O psychology in modern organizations?,Maximize productivity even if worker well-being declines,Improve both organizational effectiveness and employee well-being,Replace managers with tests,Focus only on hiring and ignore post-hire processes,2,"Modern I/O psychology seeks dual outcomes: strong organizational performance and healthy, effective workers.",Medium,Industrial/Organizational Psychology,Exam 1,Exam 1
Industrial/organizational psychology is best defined as the branch of psychology that:,studies abnormal behavior in hospital settings,applies psychological principles to behavior in work settings,focuses exclusively on organizational profitability,measures intelligence for educational placement only,2,"I/O psychology focuses on understanding behavior in work settings and applying psychological principles to improve employee behavior, workplace processes, and organizational functioning.",Medium,Industrial/Organizational Psychology,Exam 2,Exam 2
Which pair best represents the two broad aims of I/O psychology?,Diagnosis and psychotherapy,Research and application,Counseling and guidance,Marketing and finance,2,I/O psychology aims both to generate knowledge through systematic research and to apply that knowledge to workplace problems and organizational improvement.,Medium,Industrial/Organizational Psychology,Exam 2,Exam 2
Frederick W. Taylor is most closely associated with:,equity theory,scientific management,transformational leadership,groupthink,2,"Taylor is known for scientific management, which emphasized studying tasks systematically to improve efficiency and productivity.",Medium,Industrial/Organizational Psychology,Exam 2,Exam 2
The Hawthorne effect refers to changes in worker behavior primarily because:,wages were increased,workers were threatened with dismissal,workers knew they were being observed,the work became intrinsically rewarding,3,The Hawthorne effect refers to changes in behavior that occur because workers are aware they are being observed and given attention.,Medium,Industrial/Organizational Psychology,Exam 2,Exam 2
Walter Dill Scott and Hugo Münsterberg are important in I/O psychology because they were:,pioneers in applying psychology to work problems,founders of psychoanalysis,developers of the MMPI,originators of systems theory,1,"Scott and Münsterberg were among the earliest figures to apply psychological principles to advertising, personnel selection, and work efficiency.",Medium,Industrial/Organizational Psychology,Exam 2,Exam 2
A major contribution of World War I to I/O psychology was the:,development of sensitivity training,first large-scale employee testing and placement efforts,invention of assessment centers,creation of organizational development,2,"World War I led to large-scale use of psychological testing, especially for classifying and placing military recruits.",Medium,Industrial/Organizational Psychology,Exam 2,Exam 2
The scientist-practitioner model emphasizes that I/O psychologists should:,avoid practical work to preserve objectivity,rely only on intuition in solving work problems,integrate research evidence with applied practice,focus on therapy before assessment,3,The scientist-practitioner model requires I/O psychologists to ground practical decisions and interventions in sound research evidence.,Medium,Industrial/Organizational Psychology,Exam 2,Exam 2
Which specialty area is most concerned with human-machine interaction and workplace design?,Personnel psychology,Organizational psychology,Human factors,Counseling psychology,3,"Human factors psychology focuses on ergonomics, workplace design, and the interaction between people and equipment or systems.",Medium,Industrial/Organizational Psychology,Exam 2,Exam 2
A manager wants to know whether a new training program caused an increase in productivity. Which design provides the strongest basis for causal inference?,Case study,Correlational design,Experimental design,Archival review only,3,Experimental designs provide the strongest basis for causal conclusions because they involve manipulation and control of variables.,Medium,Industrial/Organizational Psychology,Exam 2,Exam 2
"In a study, motivation is defined as “the average score on a 10-item work motivation scale.” This is an example of:",meta-analysis,operational definition,demand characteristic,adverse impact,2,An operational definition specifies exactly how a concept or construct is measured in a study.,Medium,Industrial/Organizational Psychology,Exam 2,Exam 2
Reliability refers to the extent to which a measure:,predicts job performance,is free from legal challenge,yields consistent results,measures several constructs at once,3,"Reliability concerns the consistency or stability of measurement across time, items, or raters.",Medium,Industrial/Organizational Psychology,Exam 2,Exam 2
Validity refers to the extent to which a measure:,can be administered quickly,measures what it is intended to measure,has many items,is scored objectively,2,Validity refers to whether a measure accurately assesses the construct or predicts the outcome it is supposed to assess.,Medium,Industrial/Organizational Psychology,Exam 2,Exam 2
External validity is most concerned with whether:,the study used random assignment,findings generalize to other settings and populations,the independent variable was manipulated,the data are free from recording errors,2,External validity is the extent to which research findings apply beyond the specific sample or setting studied.,Medium,Industrial/Organizational Psychology,Exam 2,Exam 2
A researcher combines the results of many studies on leadership and performance to estimate the overall relationship. This technique is called:,factor analysis,utility analysis,meta-analysis,content validation,3,Meta-analysis statistically combines results from multiple studies to estimate the overall effect size or relationship.,Medium,Industrial/Organizational Psychology,Exam 2,Exam 2
The major purpose of job analysis is to:,determine who deserves a promotion,identify what a job requires and what workers do,measure organizational climate,determine market demand for products,2,"Job analysis systematically identifies job duties, tasks, responsibilities, and the qualifications required to perform them.",Medium,Industrial/Organizational Psychology,Exam 2,Exam 2
Which of the following is most directly produced by job analysis?,Job description and job specification,Organizational chart and mission statement,Financial forecast and labor budget,Training attendance sheet and payroll register,1,"Job analysis produces job descriptions, which outline duties, and job specifications, which identify the required worker characteristics.",Medium,Industrial/Organizational Psychology,Exam 2,Exam 2
A statement describing the human characteristics necessary to perform a job is a:,job evaluation,job description,job specification,critical incident,3,"A job specification describes the knowledge, skills, abilities, and other worker characteristics needed for a job.",Medium,Industrial/Organizational Psychology,Exam 2,Exam 2
Which job analysis method focuses on especially effective or ineffective job behaviors?,Position Analysis Questionnaire,Critical incidents technique,Assessment center,Forced-choice checklist,2,The critical incidents technique focuses on identifying job behaviors that lead to particularly successful or unsuccessful performance.,Medium,Industrial/Organizational Psychology,Exam 2,Exam 2
O*NET is most useful for:,diagnosing psychopathology,providing systematic occupational information,computing utility tables,measuring job satisfaction only,2,"O*NET is a comprehensive source of information about jobs, work activities, and occupational requirements.",Medium,Industrial/Organizational Psychology,Exam 2,Exam 2
Job evaluation is primarily concerned with:,determining the relative worth of jobs,rating employee performance,validating selection tests,reducing absenteeism,1,Job evaluation compares jobs within an organization to determine their relative value for compensation purposes.,Medium,Industrial/Organizational Psychology,Exam 2,Exam 2
Recruitment refers to the process of:,terminating poor performers,attracting qualified applicants,evaluating training outcomes,assigning pay grades,2,Recruitment is the process of generating interest and attracting qualified people to apply for available positions.,Medium,Industrial/Organizational Psychology,Exam 2,Exam 2
A realistic job preview is intended primarily to:,increase turnover in the first week,provide applicants with balanced job information,replace selection testing,improve internal validity,2,A realistic job preview gives applicants an accurate picture of both the positive and negative aspects of a job.,Medium,Industrial/Organizational Psychology,Exam 2,Exam 2
Which of the following generally has the strongest structure and highest standardization?,Unstructured interview,Casual conversation,Structured interview,Exit interview,3,"Structured interviews use standardized questions and scoring procedures, which increase consistency and comparability across applicants.",Medium,Industrial/Organizational Psychology,Exam 2,Exam 2
One major advantage of structured interviews over unstructured interviews is that structured interviews:,eliminate the need for job analysis,are usually less legally defensible,increase consistency across applicants,prevent applicants from faking responses,3,"Structured interviews ask the same questions in the same way, which improves fairness, reliability, and comparability.",Medium,Industrial/Organizational Psychology,Exam 2,Exam 2
A test that asks applicants to perform job tasks similar to those done on the job is a:,biodata inventory,work sample test,personality inventory,reference check,2,Work sample tests assess applicants by having them perform tasks that closely resemble actual job duties.,Medium,Industrial/Organizational Psychology,Exam 2,Exam 2
Assessment centers are especially useful because they:,rely on one paper-and-pencil test only,assess applicants across multiple exercises and competencies,are identical to performance appraisal,eliminate all rater bias,2,"Assessment centers evaluate applicants through several simulations and exercises, allowing broader assessment of job-related competencies.",Medium,Industrial/Organizational Psychology,Exam 2,Exam 2
Biodata in personnel selection refers to:,medical laboratory findings only,scored information about an applicant’s life and work history,genetic data used for hiring,purely subjective interviewer impressions,2,"Biodata uses structured, scored information from an applicant’s past experiences and background to predict future job performance.",Medium,Industrial/Organizational Psychology,Exam 2,Exam 2
Which predictor is generally one of the best single predictors of performance across many jobs?,Cognitive ability,Birth order,Favorite color,Handwriting style,1,General cognitive ability is one of the strongest predictors of job performance across a wide range of occupations.,Medium,Industrial/Organizational Psychology,Exam 2,Exam 2
An organization uses a test with a passing score that screens out a substantially higher proportion of one protected group than another. This issue is most directly related to:,criterion deficiency,adverse impact,range restriction,test-retest error,2,Adverse impact occurs when a selection procedure disproportionately excludes members of a protected group.,Medium,Industrial/Organizational Psychology,Exam 2,Exam 2
Content validity is most appropriate when:,the test content closely represents job content,the organization wants to compare mean salaries,the criterion is unavailable,the sample size is too small for any validation,1,Content validity is established when the content of a test closely reflects the actual tasks or requirements of the job.,Medium,Industrial/Organizational Psychology,Exam 2,Exam 2
Criterion-related validity is demonstrated when test scores:,are liked by applicants,correlate with job performance criteria,are internally consistent,show no subgroup differences,2,"Criterion-related validity is shown when a predictor, such as a test score, is related to an important job performance outcome.",Medium,Industrial/Organizational Psychology,Exam 2,Exam 2
The Taylor-Russell tables are used to estimate:,test reliability,economic utility of selection under varying conditions,interrater agreement,item discrimination indices,2,"Taylor-Russell tables help estimate how much a selection test improves hiring success based on validity, selection ratio, and base rate.",Medium,Industrial/Organizational Psychology,Exam 2,Exam 2
A company hires applicants strictly in rank order from highest to lowest test score until vacancies are filled. This is:,banding,multiple hurdle selection,top-down selection,compensatory weighting,3,Top-down selection means hiring candidates starting with the highest scores and moving downward until positions are filled.,Medium,Industrial/Organizational Psychology,Exam 2,Exam 2
Performance appraisal serves all of the following except:,promotion decisions,training needs identification,feedback provision,replacing job analysis entirely,4,"Performance appraisal evaluates employee performance, but it cannot substitute for job analysis, which defines the job itself.",Medium,Industrial/Organizational Psychology,Exam 2,Exam 2
Which source of performance ratings is most likely to observe day-to-day task performance in many jobs?,Customers,Peers only,Immediate supervisors,Outside consultants,3,Immediate supervisors commonly observe employees regularly and are often responsible for monitoring day-to-day work performance.,Medium,Industrial/Organizational Psychology,Exam 2,Exam 2
A rater gives an employee high scores on all dimensions because the employee is very friendly. This is:,recency effect,halo error,central tendency,contrast effect,2,Halo error occurs when one favorable characteristic influences ratings on other unrelated dimensions.,Medium,Industrial/Organizational Psychology,Exam 2,Exam 2
A supervisor focuses almost entirely on an employee’s most recent mistakes when making the annual evaluation. This is:,halo effect,recency effect,leniency error,range restriction,2,The recency effect occurs when recent events are weighted too heavily in an overall performance evaluation.,Medium,Industrial/Organizational Psychology,Exam 2,Exam 2
Behaviorally Anchored Rating Scales are designed to:,eliminate the need for raters,anchor scale points with behavioral examples,measure only objective performance,compare employees directly with one another,2,BARS improve rating accuracy by attaching specific behavioral descriptions to each point on a rating scale.,Medium,Industrial/Organizational Psychology,Exam 2,Exam 2
"Which appraisal system combines input from supervisors, peers, subordinates, and sometimes customers?",Forced distribution,360-degree feedback,Paired comparison,Critical ratio method,2,360-degree feedback gathers performance information from multiple sources to provide a broader view of employee behavior.,Medium,Industrial/Organizational Psychology,Exam 2,Exam 2
A legally defensible appraisal system is most likely when it is:,unrelated to job analysis,based on vague personality traits,job-related and standardized,completed only when termination is needed,3,Appraisal systems are more legally defensible when they are clearly tied to job requirements and administered consistently.,Medium,Industrial/Organizational Psychology,Exam 2,Exam 2
The first step in effective training design is usually:,choosing trainers,buying software,conducting needs assessment,scheduling the posttest,3,Training should begin with a needs assessment to identify what training is necessary and where it is needed.,Medium,Industrial/Organizational Psychology,Exam 2,Exam 2
Organizational analysis in training is most concerned with:,whether the organization supports and needs the training,which applicant has the best biodata,whether workers like their supervisor,how to set pay grades,1,"Organizational analysis examines whether the training aligns with organizational goals, resources, and support systems.",Medium,Industrial/Organizational Psychology,Exam 2,Exam 2
Transfer of training refers to the extent to which:,trainees enjoy the program,learning generalizes to the job,trainers use visual aids,a program is inexpensive,2,Transfer of training refers to whether what is learned in training is applied effectively in actual work performance.,Medium,Industrial/Organizational Psychology,Exam 2,Exam 2
Which evaluation level focuses on whether trainees learned the intended material?,Reaction,Learning,Behavior,Results,2,"The learning level evaluates whether trainees acquired the intended knowledge, skills, or attitudes during training.",Medium,Industrial/Organizational Psychology,Exam 2,Exam 2
Role-playing is especially appropriate for training:,psychomotor speed only,interpersonal and counseling skills,handwriting accuracy,raw computational ability,2,Role-playing allows trainees to practice communication and interaction skills in simulated social situations.,Medium,Industrial/Organizational Psychology,Exam 2,Exam 2
On-the-job training is characterized by:,learning in the actual work setting,excluding practice opportunities,avoiding supervision,focusing only on theory,1,On-the-job training takes place in the real work environment where employees learn by performing actual job tasks.,Medium,Industrial/Organizational Psychology,Exam 2,Exam 2
"According to goal-setting theory, goals are most motivating when they are:",vague and easy,"difficult, specific, and accepted",impossible and externally imposed,broad and nonmeasurable,2,"Goal-setting theory states that goals are most motivating when they are clear, challenging, and accepted by the individual.",Medium,Industrial/Organizational Psychology,Exam 2,Exam 2
Expectancy theory proposes that motivation is influenced by:,physiological arousal only,"expectancy, instrumentality, and valence",social loafing and conformity,communication networks,2,"Expectancy theory states that motivation depends on belief that effort leads to performance, performance leads to outcomes, and outcomes are valued.",Medium,Industrial/Organizational Psychology,Exam 2,Exam 2
Equity theory focuses primarily on workers’ perceptions of:,justice in input-outcome ratios,role ambiguity,reinforcement schedules,charismatic vision,1,Equity theory emphasizes perceived fairness in the balance between what workers contribute and what they receive.,Medium,Industrial/Organizational Psychology,Exam 2,Exam 2
Herzberg’s two-factor theory distinguishes between:,intrinsic and extrinsic validity,hygiene factors and motivators,goals and expectancies,power and politics,2,"Herzberg distinguished hygiene factors, which prevent dissatisfaction, from motivators, which promote satisfaction and growth.",Medium,Industrial/Organizational Psychology,Exam 2,Exam 2
The Job Characteristics Model identifies all of the following as core job dimensions except:,skill variety,task identity,task significance,external labor market value,4,"The Job Characteristics Model includes skill variety, task identity, task significance, autonomy, and feedback, not labor market value.",Medium,Industrial/Organizational Psychology,Exam 2,Exam 2
Reinforcement theory is most closely associated with the idea that behavior is a function of its:,unconscious meaning,consequences,genetic loading,social comparison only,2,Reinforcement theory holds that behavior is shaped and maintained by the consequences that follow it.,Medium,Industrial/Organizational Psychology,Exam 2,Exam 2
Self-determination theory places strong emphasis on:,autonomy and intrinsic motivation,punishment as the best motivator,groupthink and cohesiveness,organizational politics,1,Self-determination theory emphasizes internal motivation and the psychological need for autonomy.,Medium,Industrial/Organizational Psychology,Exam 2,Exam 2
Job satisfaction is best described as:,a worker’s positive or negative evaluation of the job,a fixed personality trait unrelated to work,identical to motivation,the same as organizational citizenship behavior,1,Job satisfaction is an attitude reflecting how favorably or unfavorably an employee feels about the job.,Medium,Industrial/Organizational Psychology,Exam 2,Exam 2
Organizational commitment refers to:,temporary compliance with instructions,attachment to and identification with the organization,satisfaction with salary only,willingness to work overtime once,2,Organizational commitment involves psychological attachment to the organization and a desire to remain part of it.,Medium,Industrial/Organizational Psychology,Exam 2,Exam 2
Which statement about job satisfaction and performance is most accurate?,They are always unrelated,They are perfectly correlated,"They are related, but the relationship is complex",Performance always causes dissatisfaction,3,"Research shows job satisfaction and performance are related, but the relationship is influenced by many other variables and is not simple or perfect.",Medium,Industrial/Organizational Psychology,Exam 2,Exam 2
Organizational citizenship behavior refers to:,only behaviors written in the job description,extra-role behaviors that support organizational functioning,deviant behaviors against the organization,absenteeism and tardiness,2,Organizational citizenship behavior includes voluntary actions beyond formal job requirements that help the organization function effectively.,Medium,Industrial/Organizational Psychology,Exam 2,Exam 2
Absenteeism is best defined as:,the permanent withdrawal from an organization,temporary nonattendance at work,refusal to join a union,excessive participation in meetings,2,Absenteeism refers to being absent from scheduled work on a temporary basis.,Medium,Industrial/Organizational Psychology,Exam 2,Exam 2
Turnover refers to:,short coffee breaks,employees leaving the organization,movement between departments during the day,rotation of leadership in teams,2,Turnover refers to employees separating from or leaving the organization.,Medium,Industrial/Organizational Psychology,Exam 2,Exam 2
Which of the following is most likely to reduce turnover?,Violating expectations during onboarding,Increasing role ambiguity,Improving person-job fit and organizational support,Using only punitive supervision,3,Better fit and stronger organizational support increase retention by making employees more satisfied and committed.,Medium,Industrial/Organizational Psychology,Exam 2,Exam 2
Worker stress occurs when:,employees receive all desired resources,job demands exceed or strain coping resources,employees are highly engaged,teams are cohesive,2,Stress arises when work demands are perceived as taxing or exceeding the individual’s ability to cope.,Medium,Industrial/Organizational Psychology,Exam 2,Exam 2
Role ambiguity is a stressor arising from:,unclear expectations about duties and responsibilities,too much task significance,excessive autonomy,overly high cognitive ability,1,Role ambiguity occurs when employees do not clearly understand what is expected of them in their job.,Medium,Industrial/Organizational Psychology,Exam 2,Exam 2
Role conflict exists when:,job tasks are too simple,incompatible demands are placed on an employee,rewards are distributed equitably,norms are clear,2,Role conflict occurs when an employee faces inconsistent or incompatible expectations from different sources.,Medium,Industrial/Organizational Psychology,Exam 2,Exam 2
Burnout is commonly characterized by:,"euphoria, overattachment, and hypercompliance","emotional exhaustion, depersonalization, and reduced accomplishment",increased intrinsic motivation,improved work-family balance,2,"Burnout typically consists of emotional exhaustion, detached or cynical attitudes, and feelings of reduced effectiveness.",Medium,Industrial/Organizational Psychology,Exam 2,Exam 2
Which is an example of an organizational coping strategy for stress?,Rumination,Substance use,Job redesign and employee assistance programs,Avoiding all communication,3,Organizational coping strategies involve changing work conditions or providing support systems such as employee assistance programs.,Medium,Industrial/Organizational Psychology,Exam 2,Exam 2
Counterproductive work behavior includes:,citizenship behavior,sabotage and theft,constructive feedback,mentoring,2,"Counterproductive work behavior includes intentional actions that harm the organization or its members, such as sabotage and theft.",Medium,Industrial/Organizational Psychology,Exam 2,Exam 2
Person-environment fit refers to the degree of:,salary competitiveness in the industry,match between individual characteristics and work environment,similarity of coworkers’ personalities only,alignment between marketing and operations,2,"Person-environment fit refers to compatibility between the employee and the job, organization, or work setting.",Medium,Industrial/Organizational Psychology,Exam 2,Exam 2
Downward communication is communication that flows:,from subordinates to managers,between peers at the same level,from higher levels to lower levels,from customers to employees,3,Downward communication involves messages moving from management or higher authority to lower-level employees.,Medium,Industrial/Organizational Psychology,Exam 2,Exam 2
Upward communication is communication that flows:,from employees to higher management,only through the grapevine,from one division to another division only,from top management to staff,1,"Upward communication carries information, feedback, and concerns from lower levels of the organization to higher levels.",Medium,Industrial/Organizational Psychology,Exam 2,Exam 2
The grapevine is best described as:,a formal written channel,an informal communication network,a job analysis tool,a conflict resolution model,2,The grapevine refers to the unofficial and informal pathways through which information spreads in organizations.,Medium,Industrial/Organizational Psychology,Exam 2,Exam 2
Nonverbal communication in organizations includes:,only official memos,body language and tone,test norms,utility tables,2,"Nonverbal communication includes facial expressions, gestures, posture, tone of voice, and other cues beyond spoken words.",Medium,Industrial/Organizational Psychology,Exam 2,Exam 2
Which situation best illustrates noise in the communication process?,A clear policy memo,A supervisor and subordinate agreeing on goals,Loud machinery that makes spoken instructions hard to hear,A validated structured interview,3,Noise refers to anything that interferes with the accurate transmission or reception of a message.,Medium,Industrial/Organizational Psychology,Exam 2,Exam 2
Group norms are:,legal standards for selection,shared expectations about acceptable behavior,formal job descriptions,individual performance criteria,2,Group norms are the shared rules or expectations that guide how group members are supposed to behave.,Medium,Industrial/Organizational Psychology,Exam 2,Exam 2
Group cohesiveness refers to the:,amount of conflict in a group,attractiveness of the group to its members,number of members in a team,degree of pay satisfaction,2,Group cohesiveness refers to the strength of attraction and commitment members feel toward their group.,Medium,Industrial/Organizational Psychology,Exam 2,Exam 2
Social loafing is most likely when:,individual contributions are identifiable,tasks are meaningful,responsibility is diffused in group work,accountability is high,3,Social loafing occurs when individuals exert less effort because responsibility is spread across the group and individual contributions are less visible.,Medium,Industrial/Organizational Psychology,Exam 2,Exam 2
Groupthink is most likely to occur when a group:,encourages critical evaluation,is highly cohesive and discourages dissent,relies on outside expert critique,uses structured decision protocols,2,Groupthink is most likely when group members prioritize unanimity and cohesion over critical analysis and dissenting opinions.,Medium,Industrial/Organizational Psychology,Exam 2,Exam 2
Group polarization refers to the tendency for group discussion to:,eliminate all conflict,produce more extreme decisions in the direction already favored,reduce conformity in all cases,ensure better decisions than individuals make,2,"Group polarization occurs when discussion strengthens the group’s initial leanings, leading to more extreme decisions.",Medium,Industrial/Organizational Psychology,Exam 2,Exam 2
Which conflict style is high in both assertiveness and cooperativeness?,Avoiding,Accommodating,Competing,Collaborating,4,Collaborating involves actively pursuing one’s own concerns while also working with others to find mutually beneficial solutions.,Medium,Industrial/Organizational Psychology,Exam 2,Exam 2
Leadership is best defined as:,authority inherent in a formal title only,the process of influencing others toward goals,reward distribution only,personality dominance alone,2,Leadership is fundamentally about influencing individuals or groups to work toward shared objectives.,Medium,Industrial/Organizational Psychology,Exam 2,Exam 2
The Great Man approach to leadership assumes that:,leadership can never be studied,leaders are born with special qualities,leadership depends only on the situation,all employees can lead equally without training,2,The Great Man approach assumes leadership is rooted in innate traits possessed by exceptional individuals.,Medium,Industrial/Organizational Psychology,Exam 2,Exam 2
The Ohio State studies identified two broad leadership dimensions commonly labeled:,autonomy and affiliation,initiating structure and consideration,charisma and power,reward and punishment,2,The Ohio State studies identified leadership dimensions related to task organization and concern for interpersonal relationships.,Medium,Industrial/Organizational Psychology,Exam 2,Exam 2
Fiedler’s contingency model proposes that leadership effectiveness depends on the match between:,personality and group size only,leader style and situational favorableness,compensation and motivation,intelligence and tenure,2,Fiedler’s model states that the effectiveness of a leadership style depends on how well it fits the level of situational control or favorableness.,Medium,Industrial/Organizational Psychology,Exam 2,Exam 2
Path-goal theory suggests that leaders should:,ignore subordinate needs,clarify paths to goals and remove obstacles,maintain one style regardless of context,avoid providing rewards,2,Path-goal theory proposes that leaders motivate followers by helping them see how to achieve goals and by reducing barriers.,Medium,Industrial/Organizational Psychology,Exam 2,Exam 2
Leader-member exchange theory emphasizes:,uniform treatment of all subordinates at all times,quality of dyadic relationships between leader and followers,leaders’ genetic traits,the superiority of authoritarian leadership,2,LMX theory focuses on the quality of the individual relationship between a leader and each follower.,Medium,Industrial/Organizational Psychology,Exam 2,Exam 2
Transformational leaders are most likely to:,focus only on exchange of rewards for performance,inspire followers through vision and change orientation,avoid individualized consideration,rely only on legitimate power,2,"Transformational leaders motivate followers by communicating vision, encouraging change, and elevating commitment.",Medium,Industrial/Organizational Psychology,Exam 2,Exam 2
Which power base derives from formal authority attached to a position?,Expert power,Referent power,Legitimate power,Reward power,3,Legitimate power comes from the formal authority granted by one’s organizational position.,Medium,Industrial/Organizational Psychology,Exam 2,Exam 2
Which power base is strongest when followers comply because they admire and identify with the leader?,Coercive power,Referent power,Legitimate power,Information power only,2,"Referent power is based on admiration, respect, and identification with the leader.",Medium,Industrial/Organizational Psychology,Exam 2,Exam 2
Organizational politics refers to:,only government regulation of business,self-serving influence behavior aimed at personal goals,all communication in organizations,teamwork training,2,Organizational politics involves influence efforts often directed toward personal advantage rather than purely organizational interests.,Medium,Industrial/Organizational Psychology,Exam 2,Exam 2
An employee flatters a supervisor to gain favorable treatment. This is an example of:,ingratiation as a political tactic,task analysis,person-environment misfit,laissez-faire leadership,1,Ingratiation involves using flattery or favorable behavior to gain approval or advantage from someone in authority.,Medium,Industrial/Organizational Psychology,Exam 2,Exam 2
A highly centralized organization is one in which:,decision-making authority is concentrated at upper levels,employees always work remotely,jobs are completely autonomous,formalization is absent,1,Centralization means that key decisions are made by upper management rather than being widely distributed.,Medium,Industrial/Organizational Psychology,Exam 2,Exam 2
Span of control refers to:,number of levels in the hierarchy,number of subordinates reporting directly to a manager,degree of pay compression,amount of political behavior,2,Span of control refers to how many employees report directly to a single supervisor or manager.,Medium,Industrial/Organizational Psychology,Exam 2,Exam 2
Organizational culture refers to:,national law regulating workplaces,"shared values, beliefs, and assumptions in an organization",the physical layout of the building only,formal job titles,2,"Organizational culture consists of the shared meanings, assumptions, and values that shape behavior in an organization.",Medium,Industrial/Organizational Psychology,Exam 2,Exam 2
Organizational development is best described as:,the clinical treatment of distressed employees,planned efforts to improve organizational effectiveness and manage change,payroll administration,external marketing strategy,2,"Organizational development involves systematic, planned interventions designed to improve organizational functioning and adaptability.",Medium,Industrial/Organizational Psychology,Exam 2,Exam 2
Empowerment generally involves:,reducing employee discretion,"increasing employee participation, autonomy, and responsibility",eliminating leadership,removing all accountability,2,"Empowerment gives employees greater control, input, and responsibility in their work.",Medium,Industrial/Organizational Psychology,Exam 2,Exam 2
"A company reduces hierarchical levels, outsources some functions, and redesigns work into agile teams. This trend is most consistent with:",psychodynamic management,changing nature of work and organizational restructuring,Hawthorne replication,centralized bureaucracy expansion,2,"Flatter hierarchies, outsourcing, and agile teams reflect modern changes in work design and organizational structure.",Medium,Industrial/Organizational Psychology,Exam 2,Exam 2
"Under Philippine ethical standards, psychology practitioners should provide services only:","when the client insists, regardless of competence",within the boundaries of their competence,if the fee is adequate,when supervision is unavailable,2,"Ethical standards require practitioners to provide only services for which they have the necessary education, training, supervision, and competence.",Medium,Industrial/Organizational Psychology,Exam 2,Exam 2
A psychometrician is asked to use a test unrelated to the referral question just because it is available in the clinic. The most appropriate action is to:,administer it because more data are always better,administer only tests pertinent to the referral purpose,photocopy a shorter version,let an untrained staff member decide,2,Ethical assessment requires that only tests relevant to the referral question and purpose of assessment be administered.,Medium,Industrial/Organizational Psychology,Exam 2,Exam 2
Which action best reflects proper confidentiality in assessment?,Releasing raw scores to any requesting coworker,Posting results in a group chat for convenience,Limiting release of results to authorized referral sources and lawful exceptions,Sharing item content publicly for transparency,3,Proper confidentiality means releasing assessment information only to authorized persons or when permitted by law and ethical standards.,Medium,Industrial/Organizational Psychology,Exam 2,Exam 2
"Before recording a client’s voice or image during a psychological service, the practitioner should:",proceed if the client is cooperative,obtain consent and explain anticipated uses,ask the receptionist to decide,record first and explain later,2,"Ethical practice requires informed consent before recording, along with clear explanation of how the recording will be used.",Medium,Industrial/Organizational Psychology,Exam 2,Exam 2
"Under ethical standards and RA 10029-related lawful practice, delegation of assessment-related tasks is proper only when:",the delegate is convenient and inexpensive,the delegate has a personal relationship with the client,the delegated tasks are within the delegate’s competence and appropriate supervision is provided,the client is not informed,3,Delegation is proper only when the person receiving the task is competent to do it and is given suitable supervision consistent with ethical and legal standards.,Medium,Industrial/Organizational Psychology,Exam 2,Exam 2
Which statement best defines industrial/organizational psychology?,It is the branch of psychology focused primarily on psychotherapy for employees,It is the branch of psychology concerned with behavior in work settings and the application of psychological principles to work behavior,"It is the branch of business focused on accounting, marketing, and finance",It is the branch of sociology focused only on labor unions,2,"I/O psychology focuses on human behavior at work and the application of psychological principles to workplace issues such as selection, motivation, training, leadership, and organizational functioning.",Medium,Industrial/Organizational Psychology,Exam 3,Exam 3
The scientist–practitioner model in I/O psychology emphasizes that I/O psychologists should:,conduct research only and avoid applied work,rely on intuition rather than data in solving workplace problems,integrate scientific research and practical application in workplace settings,focus only on clinical diagnosis in organizations,3,The scientist–practitioner model requires using evidence-based research to inform interventions and using practice to generate relevant questions.,Medium,Industrial/Organizational Psychology,Exam 3,Exam 3
"A psychologist studies employee selection, performance appraisal, and training. Which subfield is most directly involved?",Personnel psychology,Counseling psychology,Comparative psychology,Community psychology,1,"Personnel psychology includes job analysis, selection, training, promotion, and performance appraisal.",Medium,Industrial/Organizational Psychology,Exam 3,Exam 3
"A company hires a consultant to improve teamwork, communication, motivation, and organizational climate. This work falls most directly under:",Personnel psychology,Organizational psychology,Developmental psychology,Psychophysics,2,"Organizational psychology addresses leadership, communication, motivation, attitudes, conflict, and organizational climate.",Medium,Industrial/Organizational Psychology,Exam 3,Exam 3
Which figure is most closely associated with scientific management?,Elton Mayo,Frederick W. Taylor,Kurt Lewin,Abraham Maslow,2,Taylor is identified with scientific management and the search for the most efficient method of performing work.,Medium,Industrial/Organizational Psychology,Exam 3,Exam 3
Time-and-motion studies were designed primarily to:,measure employee attitudes toward supervisors,identify the most efficient way to perform work tasks,detect malingering among job applicants,assess leadership potential,2,Time-and-motion studies break work into component actions to improve efficiency and productivity.,Medium,Industrial/Organizational Psychology,Exam 3,Exam 3
The Army Alpha and Beta tests are historically important because they:,were the first projective tests used in hospitals,marked early large-scale personnel testing and placement efforts,proved that intelligence cannot be measured,replaced all interviews in military recruitment,2,The Army Alpha and Beta tests were landmark examples of mass testing for placement.,Medium,Industrial/Organizational Psychology,Exam 3,Exam 3
Which best describes the Hawthorne effect?,Workers become less productive when supervision is removed,Workers change their behavior because they know they are being observed,Workers resist all organizational change,Workers perform best under dim lighting,2,The Hawthorne effect refers to behavior change that occurs because participants are aware of observation and react to attention.,Medium,Industrial/Organizational Psychology,Exam 3,Exam 3
The human relations movement highlighted the importance of:,monetary incentives only,heredity as the sole determinant of performance,social factors and worker morale,removing all supervisors from organizations,3,"The human relations movement emphasized interpersonal relations, morale, and the social environment of work.",Medium,Industrial/Organizational Psychology,Exam 3,Exam 3
Which historical development most directly pushed I/O psychologists to scrutinize fairness in employment testing and selection?,The invention of the assembly line,Civil rights legislation prohibiting discrimination in employment,The rise of behaviorism,The introduction of piece-rate pay,2,"Civil rights laws led organizations and I/O psychologists to examine fairness, bias, and job-relatedness in employment practices.",Medium,Industrial/Organizational Psychology,Exam 3,Exam 3
A major reason I/O psychologists use research methods is to:,replace all managerial judgment with guesswork,ensure decisions are based on systematic evidence,avoid ethical responsibility,eliminate the need for theory,2,"Research reduces guesswork and supports evidence-based decisions in selection, training, leadership, and organizational interventions.",Medium,Industrial/Organizational Psychology,Exam 3,Exam 3
Which research design provides the strongest basis for drawing causal conclusions?,Correlational design,Case study,Experimental design,Archival review,3,Experimental designs allow greater control over variables and strongest support for causal inference.,Medium,Industrial/Organizational Psychology,Exam 3,Exam 3
"In a study on the effect of training on productivity, training condition is the:",dependent variable,independent variable,confounding variable,criterion contamination,2,"The independent variable is the manipulated or designated causal factor; here, training condition fits that role.",Medium,Industrial/Organizational Psychology,Exam 3,Exam 3
A researcher finds that employees with higher job satisfaction also report higher organizational commitment. This is an example of:,experimental evidence of causation,correlational evidence of association,random assignment,criterion deficiency,2,"A positive relationship between two naturally occurring variables is correlational, not experimental proof of cause.",Medium,Industrial/Organizational Psychology,Exam 3,Exam 3
Meta-analysis is best described as a technique that:,combines results across multiple studies,creates new personality tests,eliminates sampling error completely,replaces job analysis,1,Meta-analysis synthesizes findings from separate studies to estimate overall relationships or effects.,Medium,Industrial/Organizational Psychology,Exam 3,Exam 3
Reliability refers to the:,fairness of a procedure,consistency of measurement,legal defensibility of a test,complexity of a method,2,Reliability addresses how consistently a method or test measures something.,Medium,Industrial/Organizational Psychology,Exam 3,Exam 3
Validity refers to the extent to which a test:,is easy to administer,measures what it is intended to measure,has many items,is inexpensive,2,Validity concerns the meaning and appropriateness of test scores for their intended use.,Medium,Industrial/Organizational Psychology,Exam 3,Exam 3
Which threat is most serious if a supervisor rates all employees as above average regardless of actual performance?,Construct validity,Leniency error,Test security,Random sampling,2,Leniency error occurs when raters systematically give overly favorable ratings.,Medium,Industrial/Organizational Psychology,Exam 3,Exam 3
"In organizational research, informed consent is most directly related to the ethical principle of:",coercion,deception as standard practice,respect for persons and informed choice,strict hierarchy,3,"Informed consent reflects respect for dignity, autonomy, and the right to decide based on understandable information.",Medium,Industrial/Organizational Psychology,Exam 3,Exam 3
A researcher secretly records employees in a private break room despite no organizational approval and no participant consent. The most serious ethical issue is:,low external validity,violation of privacy and informed consent,insufficient sample size,excessive experimental control,2,Secret recording in a private context without approval or consent creates clear ethical problems involving privacy and consent.,Medium,Industrial/Organizational Psychology,Exam 3,Exam 3
The most defensible starting point for developing a selection system is:,supervisor preference,job analysis,salary survey,employee rumor,2,"Job analysis identifies essential tasks and KSAOs, making it the foundation for a defensible selection system.",Medium,Industrial/Organizational Psychology,Exam 3,Exam 3
A job description primarily identifies:,worker traits only,pay grades only,"duties, tasks, and responsibilities of the job",long-term promotion potential only,3,A job description outlines what the job involves.,Medium,Industrial/Organizational Psychology,Exam 3,Exam 3
A job specification focuses on:,work tasks and duties only,organizational chart position only,human characteristics needed to perform the job,vacation benefits,3,A job specification identifies the KSAOs required for successful performance.,Medium,Industrial/Organizational Psychology,Exam 3,Exam 3
Which method relies on especially effective and ineffective job behaviors?,Position Analysis Questionnaire,Critical Incidents Technique,Assessment center,Forced ranking,2,CIT gathers especially effective and ineffective examples of job behavior.,Medium,Industrial/Organizational Psychology,Exam 3,Exam 3
O*NET is most useful as a:,psychotherapy manual,labor union contract,database for job and occupational information,leadership rating scale,3,O*NET provides organized occupational information useful for job analysis and understanding work requirements.,Medium,Industrial/Organizational Psychology,Exam 3,Exam 3
Which statement best captures the value of job analysis?,It is useful only for compensation decisions,"It supports staffing, training, appraisal, and legal defensibility",It eliminates all workplace conflict,It is mainly historical and rarely useful now,2,Job analysis supports multiple HR functions and helps establish job-relatedness.,Medium,Industrial/Organizational Psychology,Exam 3,Exam 3
Human resource planning is primarily concerned with:,matching future staffing needs with organizational goals,diagnosing psychopathology,setting retirement age by intuition,replacing all internal applicants with external hires,1,Human resource planning forecasts workforce needs and aligns them with strategy.,Medium,Industrial/Organizational Psychology,Exam 3,Exam 3
Which recruitment method is most likely to expand the applicant pool widely and quickly?,Nepotism,Broad online posting,Secret referral only,Internal rumor network,2,Online recruitment can rapidly reach many applicants.,Medium,Industrial/Organizational Psychology,Exam 3,Exam 3
A realistic job preview is used mainly to:,exaggerate job attractiveness,reduce legal liability by avoiding interviews,provide balanced information about the job to improve fit and reduce turnover,guarantee high motivation,3,Realistic job previews help applicants self-select and form accurate expectations.,Medium,Industrial/Organizational Psychology,Exam 3,Exam 3
Which is most likely to increase adverse impact risk if poorly validated?,Job-related structured interview,Test chosen solely for convenience with no link to job requirements,Work sample based on actual tasks,Job analysis interview,2,A non-job-related test can increase bias risk and be hard to defend legally.,Medium,Industrial/Organizational Psychology,Exam 3,Exam 3
A structured interview is generally superior to an unstructured interview because it:,avoids all note-taking,increases consistency and job-relatedness,allows unlimited irrelevant questions,is easier to fake than tests,2,"Structured interviews improve reliability, fairness, and predictive utility.",Medium,Industrial/Organizational Psychology,Exam 3,Exam 3
Which statement about assessment centers is most accurate?,They rely only on paper-and-pencil IQ tests,They use simulations and multiple exercises to evaluate relevant competencies,They are never used for managerial assessment,They are inherently invalid,2,"Assessment centers rely on exercises such as in-baskets, role plays, and simulations.",Medium,Industrial/Organizational Psychology,Exam 3,Exam 3
A company wants to predict future job performance from a typing test for clerical applicants. The typing test is a:,criterion,predictor,contaminant,moderator only,2,"The typing test is used to predict later performance, making it a predictor.",Medium,Industrial/Organizational Psychology,Exam 3,Exam 3
Why are references and letters of recommendation often limited as predictors?,They are always illegal,"They are often inflated, vague, or restricted in range",They are too job-related,They are always based on work samples,2,Recommendations may be overly positive and therefore less discriminating.,Medium,Industrial/Organizational Psychology,Exam 3,Exam 3
Which test would have the strongest content validity for selecting a data encoder?,Inkblot interpretation,Work sample requiring accurate and fast encoding,Horoscope-based screening,Color preference inventory,2,"A work sample closely represents actual job content, making content validity strong.",Medium,Industrial/Organizational Psychology,Exam 3,Exam 3
"In employee selection, the criterion usually refers to:",the predictor score,the measure of job success,the application blank,the interview room condition,2,"The criterion is the outcome used to judge selection success, such as performance.",Medium,Industrial/Organizational Psychology,Exam 3,Exam 3
A test can be reliable but not valid because:,consistency does not guarantee accuracy of what is measured,all reliable tests are automatically valid,validity matters only in therapy,reliability is unrelated to measurement,1,A test may measure something consistently but still measure the wrong construct.,Medium,Industrial/Organizational Psychology,Exam 3,Exam 3
Which is the best example of construct validity evidence?,A leadership test correlates with other measures of leadership-related traits in predicted ways,A test is inexpensive,A test has many pages,A test is liked by applicants,1,Construct validity is supported when evidence matches theoretical expectations.,Medium,Industrial/Organizational Psychology,Exam 3,Exam 3
The use of multiple hurdles in selection means that:,applicants are randomly hired,applicants must pass each stage before moving to the next,all predictors are ignored,the lowest scoring applicant is selected first,2,Multiple-hurdle systems screen applicants sequentially.,Medium,Industrial/Organizational Psychology,Exam 3,Exam 3
Banding in test scores is based on the idea that:,tiny score differences may not be meaningful enough to justify strict rank ordering,selection should ignore validity,all applicants are equally qualified,interviews should replace all tests,1,Banding treats small score differences as not practically distinct.,Medium,Industrial/Organizational Psychology,Exam 3,Exam 3
Performance appraisal serves all of the following except:,feedback and development,administrative decisions,personnel research,eliminating the need for job analysis,4,Performance appraisal depends on job analysis; it does not replace it.,Medium,Industrial/Organizational Psychology,Exam 3,Exam 3
Which source is least appropriate as the sole rater when customers cannot directly observe core job tasks?,Supervisor,Peer,Customer,Self-rating,3,"Customers are useful only when they can observe relevant aspects of performance. If they cannot, they are weak as the sole source.",Medium,Industrial/Organizational Psychology,Exam 3,Exam 3
A supervisor gives an employee a high rating on all dimensions because the employee is friendly and punctual. This is a:,recency effect,halo error,central tendency error,contrast effect,2,Halo error occurs when one positive impression colors ratings across unrelated dimensions.,Medium,Industrial/Organizational Psychology,Exam 3,Exam 3
A manager remembers only the employee’s most recent mistake and ignores excellent earlier performance. This reflects:,criterion relevance,recency effect,construct validity,upward communication,2,The recency effect occurs when recent events disproportionately influence ratings.,Medium,Industrial/Organizational Psychology,Exam 3,Exam 3
Which appraisal method compares employees directly with one another?,Forced distribution,BARS,Critical incident log,Essay appraisal only,1,Forced distribution directly compares employees relative to each other.,Medium,Industrial/Organizational Psychology,Exam 3,Exam 3
One major legal safeguard in performance appraisal is to:,avoid documentation,use vague dimensions,base ratings on job-related behaviors and train raters,keep standards secret,3,"Job-related criteria, documentation, and rater training strengthen fairness and defensibility.",Medium,Industrial/Organizational Psychology,Exam 3,Exam 3
Which is the strongest reason to train raters?,To make all ratings high,To reduce rating errors and improve fairness,To eliminate all subjectivity permanently,To discourage feedback discussions,2,"Rater training aims to improve accuracy, consistency, and fairness.",Medium,Industrial/Organizational Psychology,Exam 3,Exam 3
Behaviorally Anchored Rating Scales are designed to:,replace observation with intuition,anchor scale points with behavioral examples,compare all employees to one ideal worker only,eliminate all need for job analysis,2,BARS use concrete behavioral anchors to clarify rating levels.,Medium,Industrial/Organizational Psychology,Exam 3,Exam 3
"Training needs analysis typically includes organizational, task, and:",market analysis,person analysis,legal analysis only,sales analysis only,2,"Needs assessment typically includes organizational, task, and person analysis.",Medium,Industrial/Organizational Psychology,Exam 3,Exam 3
Task analysis in training is primarily used to:,identify what should be taught,determine stock prices,diagnose personality disorders,set retirement policies,1,Task analysis pinpoints the content and skills training must address.,Medium,Industrial/Organizational Psychology,Exam 3,Exam 3
Person analysis helps determine:,which employees need training and in what areas,which jobs should be abolished,how to replace all supervisors,only whether training is popular,1,Person analysis identifies who needs training and whether they are ready for it.,Medium,Industrial/Organizational Psychology,Exam 3,Exam 3
Which training method is best when the goal is to practice interpersonal interaction?,Lecture alone,Role-play,Archival analysis,Salary benchmarking,2,Role-play is especially effective for interpersonal and social skills practice.,Medium,Industrial/Organizational Psychology,Exam 3,Exam 3
Transfer of training is best demonstrated when:,trainees enjoy the workshop,trainees perform well on a posttest only,learning is applied effectively on the job,attendance is high,3,Transfer of training means workplace application of learned knowledge or skill.,Medium,Industrial/Organizational Psychology,Exam 3,Exam 3
Which practice most likely improves transfer of training?,No supervisor support,No opportunity to apply learning,Realistic practice and management support,Training unrelated to work tasks,3,Practice resembling real work plus supervisor support greatly improve transfer.,Medium,Industrial/Organizational Psychology,Exam 3,Exam 3
Which evaluation criterion focuses on whether trainees liked the program?,Reaction,Learning,Behavior,Results,1,Reaction criteria assess participant satisfaction and impressions of training.,Medium,Industrial/Organizational Psychology,Exam 3,Exam 3
"In motivation, which statement best reflects expectancy theory?",Motivation depends on heredity only,Motivation is strongest when effort is believed to lead to performance and valued outcomes,Motivation comes only from punishment,Motivation is unrelated to rewards,2,"Expectancy theory links motivation to expectancy, instrumentality, and valence.",Medium,Industrial/Organizational Psychology,Exam 3,Exam 3
Equity theory predicts that employees are likely to feel distressed when they perceive:,perfect fairness,imbalance between their inputs and outcomes relative to others,no job structure,abundant autonomy,2,Equity theory centers on perceived fairness in social comparison.,Medium,Industrial/Organizational Psychology,Exam 3,Exam 3
Herzberg’s two-factor theory distinguishes motivators from:,predictors,hygiene factors,validity coefficients,role senders,2,Herzberg distinguished job content motivators from hygiene factors tied to context.,Medium,Industrial/Organizational Psychology,Exam 3,Exam 3
"According to goal-setting theory, goals are most motivating when they are:",vague and effortless,specific and challenging,assigned randomly and never reviewed,unrelated to feedback,2,"Specific, difficult but attainable goals generally motivate better than vague ones.",Medium,Industrial/Organizational Psychology,Exam 3,Exam 3
Which best illustrates intrinsic motivation?,Working only for a bonus,Working because the task itself is interesting and satisfying,Working only to avoid punishment,Working to impress a rival,2,Intrinsic motivation comes from the inherent enjoyment or meaning of the activity.,Medium,Industrial/Organizational Psychology,Exam 3,Exam 3
The job characteristics model highlights all of the following except:,skill variety,task identity,task significance,genealogical inheritance,4,"The job characteristics model includes skill variety, task identity, task significance, autonomy, and feedback.",Medium,Industrial/Organizational Psychology,Exam 3,Exam 3
Employee engagement is best understood as:,mere presence at work,"psychological investment, energy, and involvement in work",automatic loyalty regardless of conditions,resistance to all organizational goals,2,"Engagement reflects energetic, meaningful, and invested connection to work.",Medium,Industrial/Organizational Psychology,Exam 3,Exam 3
Organizational commitment refers most directly to:,commitment to one’s profession only,feelings and attachment toward the organization,IQ level,punctuality alone,2,Organizational commitment concerns the employee’s relationship with the organization itself.,Medium,Industrial/Organizational Psychology,Exam 3,Exam 3
Which is the best example of organizational citizenship behavior?,Deliberately withholding information from coworkers,Voluntarily helping a new colleague adjust even when not required,Extending breaks to avoid work,Falsifying productivity reports,2,OCB includes discretionary acts that help coworkers or the organization.,Medium,Industrial/Organizational Psychology,Exam 3,Exam 3
Which intervention is most likely to improve job satisfaction over time?,Persistent role ambiguity,"Fair rewards, supportive supervision, and meaningful work",Unpredictable punishment,Reduced communication with employees,2,These factors consistently support satisfaction and positive attitudes.,Medium,Industrial/Organizational Psychology,Exam 3,Exam 3
Turnover refers to:,daily changes in mood,employees leaving the organization,temporary fatigue,job redesign,2,Turnover refers to separation from the organization.,Medium,Industrial/Organizational Psychology,Exam 3,Exam 3
Which situation best illustrates absenteeism as an outcome variable of employee attitudes?,An employee attends but works slowly,An employee repeatedly misses scheduled workdays,An employee asks for promotion,An employee mentors a peer,2,Absenteeism is the failure to report for scheduled work.,Medium,Industrial/Organizational Psychology,Exam 3,Exam 3
Worker stress is best defined as:,any change at work,the psychological and physiological response to demands exceeding resources or coping capacity,all employee dissatisfaction,an unavoidable sign of commitment,2,Stress involves responses to demands seen as taxing or overwhelming.,Medium,Industrial/Organizational Psychology,Exam 3,Exam 3
Role ambiguity is stressful because the employee:,receives too much clear guidance,lacks clarity about job expectations and responsibilities,has too much vacation time,experiences excessive person–job fit,2,"Role ambiguity creates uncertainty, which can be stressful and impair performance.",Medium,Industrial/Organizational Psychology,Exam 3,Exam 3
Role conflict occurs when:,an employee has only one supervisor,job demands are incompatible or contradictory,an employee is highly engaged,goals are specific,2,Role conflict occurs when expectations clash.,Medium,Industrial/Organizational Psychology,Exam 3,Exam 3
Burnout is most closely associated with:,"emotional exhaustion, cynicism, and reduced accomplishment",instant promotion,excessive organizational citizenship behavior only,strong person–environment fit,1,These are classic features of burnout.,Medium,Industrial/Organizational Psychology,Exam 3,Exam 3
Which is an example of an organizational coping strategy for stress?,Teaching only denial,Redesigning jobs and improving workload management,Ignoring bullying complaints,Increasing ambiguity,2,"Organizational strategies reduce stress by altering system conditions, not just individual coping.",Medium,Industrial/Organizational Psychology,Exam 3,Exam 3
Work–family conflict refers to:,disagreement between two supervisors only,stress arising from competing demands of work and family roles,only marital dissatisfaction,only childcare concerns unrelated to work,2,Work–family conflict involves tension across life domains.,Medium,Industrial/Organizational Psychology,Exam 3,Exam 3
Counterproductive work behavior includes:,volunteering for extra tasks,"sabotage, theft, chronic lateness, and aggression",positive affectivity,mentoring and coaching,2,These are classic forms of counterproductive work behavior.,Medium,Industrial/Organizational Psychology,Exam 3,Exam 3
"In the communication process, noise refers to:",only loud sounds in the environment,anything that interferes with accurate message transmission or interpretation,upward communication,formal chain of command,2,"Noise includes physical, psychological, semantic, and channel interference.",Medium,Industrial/Organizational Psychology,Exam 3,Exam 3
Downward communication generally flows from:,subordinates to management,customers to employees,management to lower organizational levels,peers to peers,3,Downward communication flows from higher to lower levels.,Medium,Industrial/Organizational Psychology,Exam 3,Exam 3
The grapevine refers to:,formal written policy manuals,informal channels of communication,an appraisal method,a selection device,2,The grapevine refers to informal information flow in organizations.,Medium,Industrial/Organizational Psychology,Exam 3,Exam 3
Which barrier is most likely in multicultural communication?,Shared assumptions always guarantee understanding,Language and culture can affect message meaning and interpretation,Nonverbal cues are universal and identical in all contexts,Cultural diversity has no relevance to communication,2,"Cross-cultural communication often fails when assumptions, language use, and norms differ.",Medium,Industrial/Organizational Psychology,Exam 3,Exam 3
A work group norm is:,a legal requirement in all settings,a shared expectation about appropriate behavior,a type of compensation system,a formal performance rating,2,Group norms define acceptable and unacceptable conduct.,Medium,Industrial/Organizational Psychology,Exam 3,Exam 3
Group cohesiveness refers to the:,degree of attraction and commitment among members,number of formal rules only,amount of pay inequity,number of leaders in the group,1,"Cohesiveness reflects attraction, unity, and desire to remain in the group.",Medium,Industrial/Organizational Psychology,Exam 3,Exam 3
Groupthink is most likely when a highly cohesive group:,encourages critical evaluation of alternatives,suppresses dissent and values unanimity over sound judgment,includes diverse viewpoints and open challenge,uses structured decision protocols,2,Groupthink occurs when pressure for consensus reduces realistic evaluation.,Medium,Industrial/Organizational Psychology,Exam 3,Exam 3
Social loafing refers to the tendency for some individuals to:,work harder in groups than alone in all cases,exert less effort when individual contributions are less identifiable,avoid all teamwork because of conflict,become transformational leaders,2,Social loafing is reduced when accountability and identifiability are high.,Medium,Industrial/Organizational Psychology,Exam 3,Exam 3
The Ohio State leadership studies emphasized two broad dimensions labeled:,equity and expectancy,initiation of structure and consideration,valence and instrumentality,centralization and formalization,2,These dimensions capture task-oriented and relationship-oriented leader behaviors.,Medium,Industrial/Organizational Psychology,Exam 3,Exam 3
Fiedler’s contingency model proposes that leadership effectiveness depends on the match between:,pay and performance,leader style and situational favorability,intelligence and age,job satisfaction and absenteeism,2,Fiedler argued effectiveness depends on the fit between style and situation.,Medium,Industrial/Organizational Psychology,Exam 3,Exam 3
The leader–member exchange approach focuses on:,identical relationships with all subordinates,the quality of dyadic relationships between leader and followers,punishment as the main leadership tool,organizational structure only,2,LMX emphasizes differentiated leader-member relationships.,Medium,Industrial/Organizational Psychology,Exam 3,Exam 3
Transformational leaders are most likely to:,focus only on routine exchanges,"inspire followers through vision, meaning, and change orientation",avoid charisma and values,rely only on coercion,2,Transformational leaders elevate motivation and align followers with higher goals.,Medium,Industrial/Organizational Psychology,Exam 3,Exam 3
Which power base derives from formal authority attached to a position?,Expert power,Referent power,Legitimate power,Informational power only,3,Legitimate power stems from formal position and recognized authority.,Medium,Industrial/Organizational Psychology,Exam 3,Exam 3
Office politics is best defined as:,all influence attempts in organizations,self-serving behavior intended to affect others to achieve personal goals,formal delegation of authority,legally required participation,2,Organizational politics involves influence used for personal or factional advantage.,Medium,Industrial/Organizational Psychology,Exam 3,Exam 3
Which tactic best reflects expert power?,Compliance due to fear of punishment,Influence based on recognized knowledge or skill,Obedience due to title only,Influence based on family connection,2,Expert power depends on others perceiving the person as knowledgeable.,Medium,Industrial/Organizational Psychology,Exam 3,Exam 3
Centralization means that decision-making authority is primarily:,dispersed widely to lower levels,concentrated at higher organizational levels,assigned randomly,outsourced to customers,2,Centralized structures keep decision authority at the top.,Medium,Industrial/Organizational Psychology,Exam 3,Exam 3
A matrix structure is characterized by:,only one reporting relationship,blending functional and product or project lines of authority,total absence of specialization,elimination of teams,2,Matrix structures create dual lines of coordination.,Medium,Industrial/Organizational Psychology,Exam 3,Exam 3
Organizational culture refers to the:,physical size of the company,"shared values, beliefs, and assumptions in the organization",annual sales trend,legal structure of the corporation only,2,Organizational culture concerns taken-for-granted meanings and norms.,Medium,Industrial/Organizational Psychology,Exam 3,Exam 3
Organizational development is best described as:,the process of helping organizations manage planned change,hiring more employees regardless of need,replacing all managers with teams,measuring intelligence in applicants,1,OD is a systematic effort to improve organizational effectiveness through planned change.,Medium,Industrial/Organizational Psychology,Exam 3,Exam 3
Management by objectives is an OD-related technique in which:,goals are hidden from employees,supervisors and subordinates jointly set and later review goals,only group rewards matter,appraisals are abolished,2,MBO uses participative goal setting and later evaluation of attainment.,Medium,Industrial/Organizational Psychology,Exam 3,Exam 3
"According to the PAP Code of Ethics, only licensed and registered psychologists and psychometricians are legally allowed to:",teach psychology at any level,practice their profession within legal boundaries,administer any test without restrictions,provide therapy regardless of credentials,2,"The PAP Code states that only licensed and registered psychologists and psychometricians are legally allowed to practice their profession, within legal limits.",Medium,Industrial/Organizational Psychology,Exam 3,Exam 3
Which practice is most consistent with ethical informed consent in assessment?,"Explaining nature, risks, and limits of confidentiality before proceeding",Releasing raw scores to any interested supervisor,Skipping consent whenever testing is convenient,Using photocopied test booklets to save costs,1,"Ethical informed consent requires understandable prior explanation of services, risks, and confidentiality limits.",Medium,Industrial/Organizational Psychology,Exam 3,Exam 3
Which is ethically correct regarding assessment tools?,Use outdated tests if they are familiar,"Use only tests that are standardized, valid, reliable, and appropriate for the client",Release all raw data to classmates for learning,Allow unqualified persons to interpret results independently,2,Assessment ethics require scientifically sound and client-appropriate tools.,Medium,Industrial/Organizational Psychology,Exam 3,Exam 3
Which statement about psychometricians is ethically correct?,They may independently practice therapy whenever requested,They may allow any HR officer to interpret protocols,They practice within RA 10029 boundaries and operate under a registered psychologist’s supervision when applicable,They may release test protocols to applicants upon demand,3,The Code explicitly states that psychometricians work within RA 10029 limits and under supervision when applicable.,Medium,Industrial/Organizational Psychology,Exam 3,Exam 3
A client’s employer requests full raw responses to a psychological test administered for a workplace referral. What is the most ethical response?,Release everything immediately because the employer paid,Refuse all communication about results,Release only information consistent with referral agreements and confidentiality; do not release raw responses unless legally required,Post the results in the personnel group chat for transparency,3,"Ethics require limiting disclosure to agreed and authorized purposes, with strong protection of raw test data.",Medium,Industrial/Organizational Psychology,Exam 3,Exam 3
A psychometrician is asked to provide psychotherapy to an employee with severe distress because no psychologist is available immediately. Which response is most ethical?,Begin long-term therapy as usual,Refuse any assistance under all circumstances,"Provide only emergency support within competence, arrange referral, and discontinue once appropriate competent services are available",Ask an untrained HR assistant to handle the case,3,"The Code allows emergency services so people are not deprived of urgent help, but only within competence and with prompt referral and discontinuation once emergency ends.",Medium,Industrial/Organizational Psychology,Exam 3,Exam 3
Industrial/organizational psychology is best defined as the branch of psychology that:,Focuses exclusively on mental disorders in the workplace,Applies psychological principles to workplace behavior,Studies only organizational structure and finance,Deals primarily with clinical counseling in organizations,2,"I/O psychology is specifically concerned with applying psychological theories and methods to understand and improve workplace behavior, performance, and well-being.",Medium,Industrial/Organizational Psychology,Exam 4,Exam 4
Which of the following best describes the scientist-practitioner model in I/O psychology?,Practitioners rely only on experience,Scientists avoid real-world applications,Integration of research and practical application,Exclusive use of intuition in decision-making,3,The scientist-practitioner model emphasizes using scientific research to inform practice and applying findings to real organizational problems.,Medium,Industrial/Organizational Psychology,Exam 4,Exam 4
The “I” in I/O psychology primarily focuses on:,Organizational culture,Employee selection and training,Group dynamics,Leadership development,2,"The industrial component focuses on staffing, job analysis, training, and performance measurement.",Medium,Industrial/Organizational Psychology,Exam 4,Exam 4
The “O” in I/O psychology primarily focuses on:,Hiring decisions,Compensation systems,Employee attitudes and motivation,Test validation,3,"The organizational side deals with behavior, motivation, leadership, and workplace attitudes.",Medium,Industrial/Organizational Psychology,Exam 4,Exam 4
Who is considered one of the pioneers in applying psychology to advertising?,Hugo Münsterberg,Walter Dill Scott,Frederick Taylor,F. Skinner,2,Walter Dill Scott was among the first to apply psychological principles to advertising and business practices.,Medium,Industrial/Organizational Psychology,Exam 4,Exam 4
The Hawthorne studies are most associated with:,Intelligence testing,Employee motivation through rewards,Effects of attention on employee performance,Job analysis techniques,3,"The Hawthorne studies demonstrated that attention to employees can improve performance, known as the Hawthorne effect.",Medium,Industrial/Organizational Psychology,Exam 4,Exam 4
The Hawthorne effect refers to:,Decreased productivity under supervision,Behavior change due to being observed,Increased fatigue from long work hours,Bias in performance appraisal,2,Employees may improve performance simply because they know they are being observed.,Medium,Industrial/Organizational Psychology,Exam 4,Exam 4
Job analysis is primarily used to:,Increase employee satisfaction,Determine job duties and requirements,Conduct performance appraisal,Evaluate leadership styles,2,"Job analysis identifies tasks, responsibilities, and required competencies.",Medium,Industrial/Organizational Psychology,Exam 4,Exam 4
Which of the following is a key output of job analysis?,Organizational chart,Job description,Training manual,Company policy,2,"Job descriptions summarize duties, responsibilities, and requirements derived from job analysis.",Medium,Industrial/Organizational Psychology,Exam 4,Exam 4
Reliability in selection refers to:,Legal compliance,Consistency of measurement,Fairness across groups,Predictive accuracy,2,Reliability indicates that a test produces consistent results across time or raters.,Medium,Industrial/Organizational Psychology,Exam 4,Exam 4
Validity refers to:,Consistency of scores,Fairness in testing,Accuracy in measuring what it intends to measure,Simplicity of test design,3,Validity determines whether a test measures what it claims to measure.,Medium,Industrial/Organizational Psychology,Exam 4,Exam 4
Which type of validity focuses on job performance prediction?,Content validity,Construct validity,Criterion-related validity,Face validity,3,Criterion validity assesses how well a test predicts job performance.,Medium,Industrial/Organizational Psychology,Exam 4,Exam 4
Structured interviews are preferred because they:,Allow flexibility in questioning,Are less time-consuming,Increase reliability and validity,Eliminate need for training,3,"Structured interviews standardize questions and scoring, improving consistency and predictive accuracy.",Medium,Industrial/Organizational Psychology,Exam 4,Exam 4
Unstructured interviews are problematic because they:,Are too rigid,Lack consistency,Are expensive,Are legally prohibited,2,"Unstructured interviews vary widely, reducing reliability and increasing bias.",Medium,Industrial/Organizational Psychology,Exam 4,Exam 4
Which test measures cognitive ability?,Personality inventory,Intelligence test,Interest inventory,Integrity test,2,"Cognitive ability tests measure reasoning, problem-solving, and mental capacity.",Medium,Industrial/Organizational Psychology,Exam 4,Exam 4
Assessment centers are used to:,Conduct therapy,Evaluate candidates through simulations,Replace interviews,Conduct surveys,2,Assessment centers use exercises like role-plays to assess competencies.,Medium,Industrial/Organizational Psychology,Exam 4,Exam 4
Performance appraisal is used primarily to:,Recruit employees,Evaluate employee performance,Design training programs,Conduct job analysis,2,Performance appraisal assesses employee effectiveness and informs decisions.,Medium,Industrial/Organizational Psychology,Exam 4,Exam 4
A common rating error is:,Validity error,Halo effect,Regression effect,Sampling error,2,The halo effect occurs when one positive trait influences overall evaluation.,Medium,Industrial/Organizational Psychology,Exam 4,Exam 4
Training needs analysis includes:,Financial analysis,"Organizational, task, and person analysis",Market analysis,Risk analysis,2,These three analyses identify training requirements.,Medium,Industrial/Organizational Psychology,Exam 4,Exam 4
Motivation is best defined as:,Emotional stability,Internal drive to act,Organizational structure,Leadership style,2,Motivation refers to forces that energize and direct behavior.,Medium,Industrial/Organizational Psychology,Exam 4,Exam 4
"According to expectancy theory, motivation depends on:",Reinforcement schedules,Needs hierarchy,Expectation of reward,Leadership style,3,Motivation depends on belief that effort leads to performance and rewards.,Medium,Industrial/Organizational Psychology,Exam 4,Exam 4
Job satisfaction refers to:,Salary level,Emotional response to job,Job title,Organizational size,2,Job satisfaction reflects how employees feel about their work.,Medium,Industrial/Organizational Psychology,Exam 4,Exam 4
Organizational commitment refers to:,Job performance,Loyalty to organization,Salary satisfaction,Leadership style,2,It reflects emotional attachment and intention to stay.,Medium,Industrial/Organizational Psychology,Exam 4,Exam 4
Leadership is defined as:,Authority over employees,Ability to influence others,Organizational structure,Decision-making alone,2,Leadership involves influencing individuals toward goals.,Medium,Industrial/Organizational Psychology,Exam 4,Exam 4
Transformational leadership focuses on:,Punishment,Inspiration and change,Control,Rules enforcement,2,It motivates employees through vision and inspiration.,Medium,Industrial/Organizational Psychology,Exam 4,Exam 4
Group cohesion refers to:,Conflict level,Attraction among members,Leadership style,Task difficulty,2,Cohesion reflects how strongly members are bonded.,Medium,Industrial/Organizational Psychology,Exam 4,Exam 4
Social loafing refers to:,Increased effort in groups,Reduced effort in groups,Leadership dominance,Conflict resolution,2,Individuals may exert less effort when working in groups.,Medium,Industrial/Organizational Psychology,Exam 4,Exam 4
Conflict management styles include:,Avoidance,Dominance,Compromise,All of the above,4,These are common approaches to managing conflict.,Medium,Industrial/Organizational Psychology,Exam 4,Exam 4
Organizational communication includes:,Only written messages,Only verbal messages,Exchange of information within organization,External communication only,3,Communication involves sharing information internally.,Medium,Industrial/Organizational Psychology,Exam 4,Exam 4
Upward communication flows:,From managers to employees,From employees to managers,Across departments,Outside organization,2,Upward communication allows feedback from employees.,Medium,Industrial/Organizational Psychology,Exam 4,Exam 4
Stress is defined as:,Emotional happiness,Response to demands,Physical exercise,Job satisfaction,2,Stress arises from perceived demands exceeding resources.,Medium,Industrial/Organizational Psychology,Exam 4,Exam 4
Burnout includes:,High motivation,Emotional exhaustion,Increased productivity,Job satisfaction,2,"Burnout involves fatigue, cynicism, and reduced performance.",Medium,Industrial/Organizational Psychology,Exam 4,Exam 4
Ergonomics focuses on:,Leadership,Workplace design,Motivation,Compensation,2,Ergonomics improves interaction between humans and work environment.,Medium,Industrial/Organizational Psychology,Exam 4,Exam 4
RA 10029 primarily regulates:,Business management,Psychology practice in the Philippines,Medical profession,Engineering field,2,The law governs licensure and practice of psychology.,Medium,Industrial/Organizational Psychology,Exam 4,Exam 4
"Under RA 10029, only licensed individuals can:",Conduct marketing,Practice psychology,Manage employees,Conduct meetings,2,The law restricts practice to licensed professionals.,Medium,Industrial/Organizational Psychology,Exam 4,Exam 4
Confidentiality in psychology means:,Sharing all data,Protecting client information,Reporting all results publicly,Ignoring privacy,2,Ethical standards require safeguarding information.,Medium,Industrial/Organizational Psychology,Exam 4,Exam 4
Test security refers to:,Test scoring,Protecting test materials,Interviewing,Training employees,2,Ensures validity and fairness of assessments.,Medium,Industrial/Organizational Psychology,Exam 4,Exam 4
Informed consent involves:,Forcing participation,Providing full information before participation,Ignoring participant rights,Conducting secret tests,2,Participants must understand procedures and risks.,Medium,Industrial/Organizational Psychology,Exam 4,Exam 4
Discrimination in selection refers to:,Fair treatment,Unfair exclusion based on protected characteristics,Equal opportunity,Job analysis,2,Discrimination involves biased decisions.,Medium,Industrial/Organizational Psychology,Exam 4,Exam 4
Adverse impact occurs when:,All groups benefit equally,Selection disproportionately excludes a group,No one is hired,Tests are invalid,2,It indicates potential discrimination.,Medium,Industrial/Organizational Psychology,Exam 4,Exam 4
Which of the following best describes content validity?,Predicting job performance,Measuring abstract traits,Representing job-related tasks,Measuring personality,3,Content validity ensures that test items reflect actual job tasks and responsibilities.,Medium,Industrial/Organizational Psychology,Exam 4,Exam 4
Construct validity refers to:,Consistency of scores,Measuring theoretical traits,Legal compliance,Job description accuracy,2,Construct validity determines whether a test accurately measures an underlying psychological trait.,Medium,Industrial/Organizational Psychology,Exam 4,Exam 4
Face validity refers to:,Scientific accuracy,Appearance of measuring what it should,Statistical correlation,Predictive power,2,Face validity concerns whether a test appears valid to test-takers.,Medium,Industrial/Organizational Psychology,Exam 4,Exam 4
The Taylor-Russell tables are used to:,Measure job satisfaction,Determine test utility,Evaluate leadership,Conduct interviews,2,Taylor-Russell tables estimate the effectiveness of selection tests in improving hiring decisions.,Medium,Industrial/Organizational Psychology,Exam 4,Exam 4
Banding in selection refers to:,Ranking applicants strictly,Grouping similar scores,Eliminating low scorers,Random selection,2,Banding groups applicants with similar scores to reduce adverse impact.,Medium,Industrial/Organizational Psychology,Exam 4,Exam 4
The primary goal of training evaluation is to:,Increase costs,Determine training effectiveness,Eliminate employees,Improve marketing,2,Evaluation assesses whether training achieves its objectives.,Medium,Industrial/Organizational Psychology,Exam 4,Exam 4
Transfer of training refers to:,Moving employees,Applying learned skills on the job,Changing departments,Conducting interviews,2,Transfer ensures that training results are used in actual work settings.,Medium,Industrial/Organizational Psychology,Exam 4,Exam 4
Behavior modeling training focuses on:,Lecture-based learning,Observing and imitating behaviors,Written exams,Group discussions only,2,It teaches skills through demonstration and practice.,Medium,Industrial/Organizational Psychology,Exam 4,Exam 4
Reinforcement theory is associated with:,Maslow,Skinner,Herzberg,Vroom,2,Skinner developed behaviorism and reinforcement principles.,Medium,Industrial/Organizational Psychology,Exam 4,Exam 4
"According to Maslow, the highest need is:",Safety,Social,Esteem,Self-actualization,4,Self-actualization represents achieving one's full potential.,Medium,Industrial/Organizational Psychology,Exam 4,Exam 4
Herzberg’s two-factor theory includes:,Hygiene and motivators,Needs and drives,Rewards and punishments,Goals and feedback,1,Herzberg distinguished between factors causing satisfaction and dissatisfaction.,Medium,Industrial/Organizational Psychology,Exam 4,Exam 4
Equity theory focuses on:,Rewards only,Fairness in comparison,Leadership style,Training methods,2,Employees compare their inputs and outcomes with others.,Medium,Industrial/Organizational Psychology,Exam 4,Exam 4
Goal-setting theory emphasizes:,Easy goals,Specific and challenging goals,No feedback,Group goals only,2,Clear and challenging goals enhance performance.,Medium,Industrial/Organizational Psychology,Exam 4,Exam 4
Organizational citizenship behavior refers to:,Required tasks,Extra-role behavior,Absenteeism,Turnover,2,OCB includes voluntary behaviors that benefit the organization.,Medium,Industrial/Organizational Psychology,Exam 4,Exam 4
Absenteeism refers to:,Being late,Missing work,Poor performance,Conflict,2,Absenteeism is failure to report to work.,Medium,Industrial/Organizational Psychology,Exam 4,Exam 4
Turnover refers to:,Job satisfaction,Leaving the organization,Promotion,Training,2,Turnover involves employees exiting the organization.,Medium,Industrial/Organizational Psychology,Exam 4,Exam 4
Counterproductive work behavior includes:,Helping coworkers,Theft or sabotage,High performance,Leadership,2,These behaviors harm the organization.,Medium,Industrial/Organizational Psychology,Exam 4,Exam 4
Downward communication is:,Employee to manager,Manager to employee,Peer communication,External communication,2,Downward communication conveys instructions and information.,Medium,Industrial/Organizational Psychology,Exam 4,Exam 4
Informal communication is also known as:,Formal chain,Grapevine,Written communication,Policy communication,2,Informal communication spreads through unofficial channels.,Medium,Industrial/Organizational Psychology,Exam 4,Exam 4
Leadership emergence refers to:,Appointed leaders,Individuals becoming leaders naturally,Leadership training,Organizational hierarchy,2,Some individuals emerge as leaders without formal authority.,Medium,Industrial/Organizational Psychology,Exam 4,Exam 4
Fiedler’s theory emphasizes:,Traits only,Situational fit,Rewards,Training,2,Effectiveness depends on matching leadership style with situation.,Medium,Industrial/Organizational Psychology,Exam 4,Exam 4
Transactional leadership focuses on:,Inspiration,Rewards and punishments,Vision,Change,2,It is based on exchanges between leader and follower.,Medium,Industrial/Organizational Psychology,Exam 4,Exam 4
Team effectiveness depends on:,Size only,Communication and cohesion,Salary,Leadership alone,2,Effective teams rely on coordination and strong relationships.,Medium,Industrial/Organizational Psychology,Exam 4,Exam 4
Groupthink occurs when:,Conflict increases,Critical thinking is suppressed,Decisions improve,Leadership changes,2,Groupthink leads to poor decisions due to conformity.,Medium,Industrial/Organizational Psychology,Exam 4,Exam 4
Social facilitation refers to:,Reduced performance,Improved performance in presence of others,Conflict,Leadership,2,Presence of others can enhance performance on simple tasks.,Medium,Industrial/Organizational Psychology,Exam 4,Exam 4
Organizational culture refers to:,Company profits,Shared values and beliefs,Job descriptions,Leadership style,2,Culture shapes behavior within organizations.,Medium,Industrial/Organizational Psychology,Exam 4,Exam 4
Organizational development focuses on:,Hiring,Planned change,Compensation,Job analysis,2,It aims to improve effectiveness through change interventions.,Medium,Industrial/Organizational Psychology,Exam 4,Exam 4
Empowerment refers to:,Control,Giving employees authority,Punishment,Monitoring,2,Empowerment increases autonomy and decision-making power.,Medium,Industrial/Organizational Psychology,Exam 4,Exam 4
Downsizing refers to:,Hiring more employees,Reducing workforce,Increasing salary,Training,2,Downsizing reduces organizational size to cut costs.,Medium,Industrial/Organizational Psychology,Exam 4,Exam 4
Stressors are:,Rewards,Sources of stress,Leadership styles,Training methods,2,Stressors trigger stress responses.,Medium,Industrial/Organizational Psychology,Exam 4,Exam 4
Occupational stressors include:,Salary,Workload,Vacation,Benefits,2,High workload contributes to stress.,Medium,Industrial/Organizational Psychology,Exam 4,Exam 4
Work-life balance refers to:,Equal pay,Managing work and personal life,Leadership,Training,2,Balance reduces stress and improves well-being.,Medium,Industrial/Organizational Psychology,Exam 4,Exam 4
Workplace violence includes:,Communication,Aggression at work,Training,Leadership,2,It includes harmful behaviors toward others.,Medium,Industrial/Organizational Psychology,Exam 4,Exam 4
Ergonomic design aims to:,Increase workload,Improve comfort and efficiency,Reduce salary,Increase stress,2,Ergonomics optimizes human performance and safety.,Medium,Industrial/Organizational Psychology,Exam 4,Exam 4
Human factors focus on:,Finance,Human-machine interaction,Marketing,Sales,2,It examines how people interact with systems and tools.,Medium,Industrial/Organizational Psychology,Exam 4,Exam 4
Ethical practice requires:,Ignoring laws,Following professional standards,Personal judgment only,Profit focus,2,Ethics guide professional conduct.,Medium,Industrial/Organizational Psychology,Exam 4,Exam 4
Dual relationships are:,Allowed always,Potential conflicts of interest,Required,Encouraged,2,They can impair objectivity and professionalism.,Medium,Industrial/Organizational Psychology,Exam 4,Exam 4
Test fairness ensures:,Same scores,Equal opportunity,High difficulty,Low validity,2,Fair tests do not disadvantage groups.,Medium,Industrial/Organizational Psychology,Exam 4,Exam 4
Supervision in psychology ensures:,Independence,Guidance and accountability,Profit,Promotion,2,Supervision maintains quality and ethical practice.,Medium,Industrial/Organizational Psychology,Exam 4,Exam 4
Scope of practice defines:,Salary,Professional boundaries,Training,Leadership,2,It limits what professionals are allowed to do.,Medium,Industrial/Organizational Psychology,Exam 4,Exam 4
Industrial psychology emphasizes:,Culture,Staffing and training,Leadership,Communication,2,It focuses on employee-related functions.,Medium,Industrial/Organizational Psychology,Exam 4,Exam 4
Organizational psychology emphasizes:,Selection,Behavior and attitudes,Testing,Hiring,2,It examines employee behavior within organizations.,Medium,Industrial/Organizational Psychology,Exam 4,Exam 4
Psychometrics involves:,Training,Measurement of psychological traits,Leadership,Communication,2,Psychometrics focuses on test development and measurement.,Medium,Industrial/Organizational Psychology,Exam 4,Exam 4
Intelligence tests measure:,Personality,Cognitive ability,Interests,Values,2,They assess mental capabilities.,Medium,Industrial/Organizational Psychology,Exam 4,Exam 4
Personality tests measure:,Skills,Traits,Intelligence,Knowledge,2,Personality tests assess behavioral tendencies.,Medium,Industrial/Organizational Psychology,Exam 4,Exam 4
Biodata refers to:,Biological data,Life history information,Medical records,Salary data,2,Biodata includes past experiences used for prediction.,Medium,Industrial/Organizational Psychology,Exam 4,Exam 4
Integrity tests assess:,Intelligence,Honesty,Skills,Knowledge,2,They predict counterproductive behavior.,Medium,Industrial/Organizational Psychology,Exam 4,Exam 4
Work samples measure:,Personality,Job performance,Attitudes,Intelligence,2,They simulate actual job tasks.,Medium,Industrial/Organizational Psychology,Exam 4,Exam 4
Selection ratio refers to:,Number hired vs applicants,Salary,Training cost,Performance,1,It indicates selectivity of hiring.,Medium,Industrial/Organizational Psychology,Exam 4,Exam 4
Utility analysis evaluates:,Job satisfaction,Financial value of selection,Training,Leadership,2,It assesses economic benefits of selection methods.,Medium,Industrial/Organizational Psychology,Exam 4,Exam 4
Performance criteria include:,Salary,Job performance measures,Leadership,Training,2,Criteria define what constitutes performance.,Medium,Industrial/Organizational Psychology,Exam 4,Exam 4
Criterion contamination refers to:,Pure measures,Irrelevant factors affecting performance,Valid data,Training,2,External factors distort performance measurement.,Medium,Industrial/Organizational Psychology,Exam 4,Exam 4
Criterion deficiency refers to:,Extra data,Missing aspects of performance,Validity,Reliability,2,Important performance elements are not measured.,Medium,Industrial/Organizational Psychology,Exam 4,Exam 4
Rater bias includes:,Accuracy,Systematic error,Validity,Reliability,2,Bias leads to inaccurate ratings.,Medium,Industrial/Organizational Psychology,Exam 4,Exam 4
Forced-choice scales reduce:,Validity,Bias,Reliability,Performance,2,They limit socially desirable responses.,Medium,Industrial/Organizational Psychology,Exam 4,Exam 4
BARS stands for:,Behaviorally Anchored Rating Scales,Basic Assessment Rating System,Behavioral Analysis Rating Scale,Balanced Assessment Rating System,1,BARS use behavioral examples for rating.,Medium,Industrial/Organizational Psychology,Exam 4,Exam 4
Mixed-standard scales compare:,Employees to standards,Employees to each other,Jobs,Salaries,1,They use predefined performance levels.,Medium,Industrial/Organizational Psychology,Exam 4,Exam 4
Organizational justice refers to:,Leadership,Fairness perceptions,Training,Communication,2,Employees evaluate fairness of processes and outcomes.,Medium,Industrial/Organizational Psychology,Exam 4,Exam 4
Procedural justice involves:,Outcomes,Processes,Rewards,Punishment,2,It concerns fairness of decision-making procedures.,Medium,Industrial/Organizational Psychology,Exam 4,Exam 4
Distributive justice involves:,Communication,Fairness of outcomes,Leadership,Training,2,It focuses on fairness in distribution of rewards.,Medium,Industrial/Organizational Psychology,Exam 4,Exam 4
Industrial/organizational psychology is best defined as the branch of psychology that,focuses primarily on diagnosis and treatment of mental disorders in hospitals,studies behavior in work settings and applies psychological principles to improve work behavior,deals exclusively with personnel testing and classification,studies consumer buying behavior in retail environments,2,I/O psychology focuses on behavior in work settings and on applying psychological principles to understand and improve work behavior.,Medium,Industrial/Organizational Psychology,Exam 5,Exam 5
Which statement best reflects the scientist-practitioner model in industrial/organizational psychology?,Practice should replace research because organizations need quick solutions,Research and practice should remain separate to avoid bias,"Effective practice should be grounded in scientific evidence, while workplace problems can inform research",Practitioners should rely mainly on intuition when research evidence is unavailable,3,"The scientist-practitioner model emphasizes reciprocal influence between research and practice. Sound workplace intervention should rest on evidence, and real-world problems should stimulate research.",Medium,Industrial/Organizational Psychology,Exam 5,Exam 5
Which early contributor is most strongly associated with scientific management?,Elton Mayo,Frederick W. Taylor,Kurt Lewin,Douglas McGregor,2,Taylor is the classic figure associated with scientific management and the search for the most efficient method of doing work.,Medium,Industrial/Organizational Psychology,Exam 5,Exam 5
The primary concern of time-and-motion studies was to,determine how satisfied workers were with supervisors,identify leadership traits in managers,break tasks into component movements to improve efficiency,assess the fairness of compensation systems,3,Time-and-motion studies analyze work into smaller movements to identify more efficient ways of performing tasks.,Medium,Industrial/Organizational Psychology,Exam 5,Exam 5
Hugo Münsterberg is most closely associated with the early development of,personnel selection and the design of work,reinforcement theory,organizational culture,expectancy theory,1,Münsterberg was an early pioneer in applying psychology to employee selection and work design.,Medium,Industrial/Organizational Psychology,Exam 5,Exam 5
The Army Alpha and Army Beta tests are historically important because they,introduced projective testing into psychotherapy,were among the first large-scale efforts in employee testing and classification,replaced all interviews in military selection,were designed to measure job satisfaction among soldiers,2,The Army Alpha and Beta tests were historically important because they demonstrated large-scale classification and placement testing.,Medium,Industrial/Organizational Psychology,Exam 5,Exam 5
The Hawthorne effect refers to changes in behavior that occur primarily because,workers receive higher wages,work groups become more cohesive,participants know they are being observed,supervisors use punishment more consistently,3,The Hawthorne effect refers to performance changes attributable to awareness of observation rather than the intended manipulation alone.,Medium,Industrial/Organizational Psychology,Exam 5,Exam 5
A key contribution of the human relations movement was the recognition that,job performance depends only on physical working conditions,social and interpersonal factors can influence productivity,intelligence is the sole predictor of occupational success,workers dislike participation in decision making,2,"The human relations movement highlighted that workers are affected by morale, relationships, and the social environment.",Medium,Industrial/Organizational Psychology,Exam 5,Exam 5
"In social science research, a hypothesis is best described as",a proven explanation of behavior,a broad moral principle,a tentative statement about the relationship between variables,a statistical test of significance,3,A hypothesis is a testable prediction or tentative statement linking variables.,Medium,Industrial/Organizational Psychology,Exam 5,Exam 5
"In an experiment studying whether feedback improves performance, feedback is the",dependent variable,criterion variable,independent variable,confounding variable,3,"The independent variable is what the researcher manipulates, such as the presence or absence of feedback.",Medium,Industrial/Organizational Psychology,Exam 5,Exam 5
The extent to which an observed effect can confidently be attributed to the manipulated variable rather than to extraneous factors is called,external validity,construct validity,internal validity,content validity,3,"Internal validity concerns whether the manipulation, rather than extraneous influences, caused the observed effect.",Medium,Industrial/Organizational Psychology,Exam 5,Exam 5
Which research design is strongest for establishing cause-and-effect relationships?,Experimental method,Correlational method,Case study method,Archival survey method,1,Experiments provide the strongest basis for inferring causality because the researcher manipulates variables and controls alternatives.,Medium,Industrial/Organizational Psychology,Exam 5,Exam 5
A meta-analysis is most useful when a researcher wants to,manipulate two independent variables simultaneously,combine results across many studies to estimate overall trends,observe one employee in depth over time,develop a new job description,2,Meta-analysis statistically synthesizes findings across studies to estimate the overall effect size and pattern of results.,Medium,Industrial/Organizational Psychology,Exam 5,Exam 5
Reliability refers to the extent to which a measure,predicts important work outcomes,produces consistent results,is legally defensible,has face appeal to test takers,2,"Reliability is about score consistency across items, raters, forms, or occasions.",Medium,Industrial/Organizational Psychology,Exam 5,Exam 5
Validity refers to the extent to which a test,is inexpensive to administer,yields identical scores each time,measures what it is intended to measure,contains many items,3,Validity concerns the meaningfulness and appropriateness of interpretations drawn from test scores.,Medium,Industrial/Organizational Psychology,Exam 5,Exam 5
Which is the best example of criterion-related validity evidence for a selection test?,Experts agree that the items appear relevant,Applicants say the test seems fair,Test scores are related to later job performance,The test manual is professionally written,3,Criterion-related validity is shown when test scores predict an important external criterion such as job performance.,Medium,Industrial/Organizational Psychology,Exam 5,Exam 5
Job analysis is most accurately described as the process of,ranking employees from best to worst,"determining the duties, tasks, and human requirements of a job",designing pay incentives for executives,improving morale through team building,2,Job analysis identifies what a job involves and what characteristics are needed to perform it.,Medium,Industrial/Organizational Psychology,Exam 5,Exam 5
"Which job analysis method is generally most appropriate for routine, observable, manual jobs?",Observation,Biodata,Interest inventory,Assessment center,1,"Observation is especially useful when tasks are visible, repetitive, and behaviorally concrete.",Medium,Industrial/Organizational Psychology,Exam 5,Exam 5
A major limitation of observation as a job analysis method is that it may fail to capture,repetitive physical motions,visible task sequences,cognitive and decision-making processes,work schedules,3,"Observation may miss mental activities, problem solving, and other internal aspects of work.",Medium,Industrial/Organizational Psychology,Exam 5,Exam 5
The critical incidents technique focuses on,employees’ personality traits,specific examples of effective and ineffective job behavior,national wage comparisons,legal appeals from terminated employees,2,The critical incidents technique collects behaviorally specific instances that distinguish successful from unsuccessful performance.,Medium,Industrial/Organizational Psychology,Exam 5,Exam 5
The Position Analysis Questionnaire is primarily used to,diagnose psychopathology in applicants,analyze jobs using standardized worker-oriented dimensions,measure organizational commitment,estimate the return on training investment,2,The PAQ is a structured job analysis instrument emphasizing general work behaviors and worker-oriented elements.,Medium,Industrial/Organizational Psychology,Exam 5,Exam 5
One major reason job analysis is considered foundational in human resource functions is that it supports,random assignment in experiments,development of selection criteria and performance standards,clinical diagnosis of distressed employees,elimination of all subjective judgment,2,Job analysis provides the foundation for defining job-relevant KSAOs and performance dimensions.,Medium,Industrial/Organizational Psychology,Exam 5,Exam 5
Recruitment refers to the organizational process of,evaluating employee performance,attracting qualified applicants for a job,increasing wages to reduce turnover,terminating poor performers,2,Recruitment is about generating an applicant pool from which selection decisions can later be made.,Medium,Industrial/Organizational Psychology,Exam 5,Exam 5
A realistic job preview is intended primarily to,exaggerate the positive aspects of a job to attract more applicants,discourage all uncertain applicants from applying,present both favorable and unfavorable job information so applicants can make informed decisions,replace structured interviews in selection,3,Realistic job previews help align expectations and can reduce later dissatisfaction and turnover.,Medium,Industrial/Organizational Psychology,Exam 5,Exam 5
Which selection procedure generally has greater standardization and better defensibility than an unstructured interview?,Exit interview,Counseling interview,Structured interview,Stress interview,3,"Structured interviews standardize questions, scoring, and evaluation, improving reliability and often validity.",Medium,Industrial/Organizational Psychology,Exam 5,Exam 5
One major problem with unstructured interviews is that they,cannot assess applicant communication at all,are less vulnerable to interviewer bias than structured interviews,often yield inconsistent and lower-validity decisions,are too job-related to be useful across applicants,3,"Unstructured interviews are more vulnerable to bias, inconsistency, and non-job-related impressions.",Medium,Industrial/Organizational Psychology,Exam 5,Exam 5
Cognitive ability tests are often used in employee selection because they tend to predict,only absenteeism,"performance across many jobs, especially complex ones",physical stamina exclusively,organizational citizenship behavior and nothing else,2,"General cognitive ability is one of the strongest broad predictors of performance, particularly in complex jobs.",Medium,Industrial/Organizational Psychology,Exam 5,Exam 5
A work sample test is most valid when it,measures broad personality traits unrelated to the job,requires applicants to perform tasks similar to the actual job,asks hypothetical questions only,compares applicants to national census norms regardless of job,2,Work samples have strong content relevance because they simulate core job tasks directly.,Medium,Industrial/Organizational Psychology,Exam 5,Exam 5
Assessment centers are especially useful for evaluating,severe psychopathology,managerial and interpersonal competencies across multiple exercises,only numerical reasoning,the internal consistency of pencil-and-paper tests,2,"Assessment centers use simulations, role plays, leaderless group discussions, and similar exercises to assess complex competencies.",Medium,Industrial/Organizational Psychology,Exam 5,Exam 5
Biodata in selection refers to,biological measures such as blood pressure,personal history information shown to relate to job outcomes,medical diagnoses from physicians,graphology-based personality interpretation,2,Biodata uses past experiences and life-history information as predictors of future work behavior.,Medium,Industrial/Organizational Psychology,Exam 5,Exam 5
One advantage of integrity tests in employee selection is that they are intended to,directly measure psychomotor coordination,predict counterproductive behavior such as theft or rule violations,replace all reference checking,diagnose depression among applicants,2,Integrity tests are intended to predict honesty-related and rule-breaking tendencies relevant to workplace misconduct.,Medium,Industrial/Organizational Psychology,Exam 5,Exam 5
Which concept best refers to the consistency of interview ratings across interviewers and occasions?,Utility,Reliability,Adverse impact,Face validity,2,Consistency in ratings across interviewers or occasions is a question of reliability.,Medium,Industrial/Organizational Psychology,Exam 5,Exam 5
Adverse impact is present when,a test is expensive to administer,members of a protected group are selected at a substantially lower rate than others,interviewers dislike the structured format,applicants complain that a test is difficult,2,Adverse impact refers to substantially different selection rates disadvantaging protected groups.,Medium,Industrial/Organizational Psychology,Exam 5,Exam 5
The most appropriate initial basis for defending a selection device legally is evidence that it is,inexpensive and easy to score,job-related and valid,popular among supervisors,difficult for applicants to fake,2,Legal defensibility of selection methods depends heavily on demonstrating job relatedness and validity.,Medium,Industrial/Organizational Psychology,Exam 5,Exam 5
"In evaluating selection procedures, utility analysis is most concerned with",whether a test looks professional,the practical value or payoff of using a selection method,applicants’ emotional reactions during testing,only the legal compliance of scoring keys,2,Utility analysis estimates the economic or practical benefit of using a particular selection procedure.,Medium,Industrial/Organizational Psychology,Exam 5,Exam 5
A top-down selection strategy means that,applicants are hired in descending order of their scores,the least experienced applicants are hired first,managers rather than HR make final choices,internal candidates automatically outrank external applicants,1,Top-down selection ranks applicants by score and hires from highest downward until positions are filled.,Medium,Industrial/Organizational Psychology,Exam 5,Exam 5
Performance appraisal differs from job analysis because appraisal focuses on,"duties of the job, whereas job analysis focuses on employee results","employee performance, whereas job analysis focuses on job content","future labor supply, whereas job analysis focuses on turnover","organizational culture, whereas job analysis focuses on test validity",2,Job analysis describes the job; appraisal evaluates how well an employee performs relative to standards.,Medium,Industrial/Organizational Psychology,Exam 5,Exam 5
Objective performance criteria are most likely to be useful when,"performance can be quantified clearly, such as sales volume or error rate",the job is highly abstract and strategic,raters are poorly trained,organizational politics are intense,1,Objective criteria work best when outputs can be directly counted or measured.,Medium,Industrial/Organizational Psychology,Exam 5,Exam 5
A halo error occurs when a rater,remembers only recent performance,allows one overall impression to influence ratings on multiple dimensions,consistently rates everyone too high,avoids using the ends of the scale,2,Halo error occurs when one salient impression spills over across many evaluation dimensions.,Medium,Industrial/Organizational Psychology,Exam 5,Exam 5
Recency error in performance appraisal refers to the tendency to,judge employees mainly on their most recent behavior,compare employees only with new hires,rely on first impressions,confuse effort with ability,1,Recency error overweights recent events and underweights earlier representative performance.,Medium,Industrial/Organizational Psychology,Exam 5,Exam 5
Leniency error occurs when a supervisor,rates all employees too low,bases ratings on stereotypes,gives overly favorable ratings to most employees,uses different standards across departments,3,Leniency error means inflating ratings above what performance warrants.,Medium,Industrial/Organizational Psychology,Exam 5,Exam 5
A behaviorally anchored rating scale is especially designed to,measure employee satisfaction,improve rating clarity by linking scale points to specific behavioral examples,eliminate the need for job analysis,compare one employee directly with another,2,BARS uses concrete behavioral anchors to make rating categories more meaningful and job-related.,Medium,Industrial/Organizational Psychology,Exam 5,Exam 5
A 360-degree feedback system typically includes ratings from,only the employee’s supervisor,"supervisors, peers, subordinates, and sometimes customers",outside competitors only,legal counsel and union arbitrators,2,360-degree feedback gathers information from multiple perspectives around the focal employee.,Medium,Industrial/Organizational Psychology,Exam 5,Exam 5
The primary purpose of rater training is to,guarantee perfect objectivity,reduce rating errors and improve appraisal quality,eliminate all subjectivity from performance judgments,replace documentation with memory,2,"Rater training seeks to improve observation, documentation, standard use, and awareness of common biases.",Medium,Industrial/Organizational Psychology,Exam 5,Exam 5
"A training needs assessment typically includes organizational, task, and person analyses because organizations need to know",only who volunteered to attend,"what should be trained, who needs it, and whether training fits organizational goals",whether employees prefer online modules,whether job evaluation has been completed,2,"Organizational, task, and person analyses answer whether training is needed, what content is required, and who should receive it.",Medium,Industrial/Organizational Psychology,Exam 5,Exam 5
Which of the following is the best example of transfer of training?,Employees enjoy the seminar,Employees score high on the posttest but never use the skill at work,Employees apply newly learned skills effectively on the job,Employees receive a certificate at the end of training,3,Transfer of training means learning generalizes to the actual work setting.,Medium,Industrial/Organizational Psychology,Exam 5,Exam 5
Behavior modeling is especially appropriate for training,complex psychomotor speed only,interpersonal and supervisory skills,genetic predispositions,retirement planning only,2,"Behavior modeling involves demonstration, rehearsal, and feedback, making it especially useful for social and leadership behaviors.",Medium,Industrial/Organizational Psychology,Exam 5,Exam 5
Which evaluation criterion asks whether trainees liked the program?,Reaction,Learning,Behavior,Results,1,Reaction criteria assess participants’ impressions and satisfaction with training.,Medium,Industrial/Organizational Psychology,Exam 5,Exam 5
"If a company wants to know whether a training program improved actual job performance, the most relevant criterion is",trainee enjoyment,recall of definitions during orientation,post-training work behavior,font readability in the manual,3,"If the question is whether performance improved on the job, behavior-level evaluation is most directly relevant.",Medium,Industrial/Organizational Psychology,Exam 5,Exam 5
Goal-setting theory most strongly predicts higher performance when goals are,vague and easy,specific and challenging,assigned without feedback,unrelated to job outcomes,2,"Goal-setting theory consistently shows that clear, difficult but attainable goals improve performance more than vague or easy goals.",Medium,Industrial/Organizational Psychology,Exam 5,Exam 5
Expectancy theory proposes that motivation is influenced by,"valence, instrumentality, and expectancy","hygiene factors, social facilitation, and equity","cohesion, role conflict, and adaptability","autonomy, surveillance, and centralization",1,"Expectancy theory holds that motivation depends on believing effort will lead to performance, performance will lead to outcomes, and those outcomes are valued.",Medium,Industrial/Organizational Psychology,Exam 5,Exam 5
"According to equity theory, an employee who perceives under-reward inequity is most likely to",feel that fairness is irrelevant to motivation,compare input-outcome ratios and experience tension,become intrinsically motivated automatically,focus only on long-term career values,2,Equity theory centers on fairness judgments based on comparing one’s ratio of inputs to outcomes with referent others.,Medium,Industrial/Organizational Psychology,Exam 5,Exam 5
Herzberg’s two-factor theory distinguishes between,outcome and process theories,intrinsic and extrinsic abilities,motivators and hygiene factors,leadership and management functions,3,Herzberg distinguished motivators that promote satisfaction from hygiene factors whose absence may cause dissatisfaction.,Medium,Industrial/Organizational Psychology,Exam 5,Exam 5
Which job characteristic is most directly associated with experienced meaningfulness in the Job Characteristics Model?,Task variety,Task significance,Autonomy,Feedback,2,Task significance contributes strongly to experienced meaningfulness because the work is seen as affecting others.,Medium,Industrial/Organizational Psychology,Exam 5,Exam 5
Self-determination theory emphasizes the importance of,punishment schedules,external controls alone,autonomy and internalized motivation,only monetary incentives,3,Self-determination theory emphasizes autonomous motivation and the internalization of goals and values.,Medium,Industrial/Organizational Psychology,Exam 5,Exam 5
Organizational commitment refers most directly to,the number of years an employee has worked,the strength of an employee’s attachment to the organization,satisfaction with one’s salary only,willingness to obey any supervisor request,2,"Organizational commitment concerns identification with, involvement in, and attachment to the organization.",Medium,Industrial/Organizational Psychology,Exam 5,Exam 5
Organizational citizenship behavior is best described as,legally required job behavior,voluntary behavior that supports organizational functioning beyond formal job requirements,behavior measured only by objective productivity indices,a form of withdrawal behavior,2,"OCB includes helping, courtesy, conscientiousness, and other extra-role acts that benefit the organization.",Medium,Industrial/Organizational Psychology,Exam 5,Exam 5
Which pattern is most consistent with withdrawal from work?,High engagement and strong commitment,Increased absenteeism and turnover intentions,High citizenship behavior and enthusiasm,Strong task identity and intrinsic motivation,2,"Withdrawal often appears through psychological and physical disengagement such as absenteeism, tardiness, and turnover intentions.",Medium,Industrial/Organizational Psychology,Exam 5,Exam 5
Job burnout is characterized most commonly by,elevated creativity and stronger commitment,"emotional exhaustion, cynicism, and reduced efficacy",increased intrinsic motivation,improved work-family balance,2,"Burnout is classically characterized by exhaustion, depersonalization/cynicism, and diminished accomplishment or efficacy.",Medium,Industrial/Organizational Psychology,Exam 5,Exam 5
A person-environment fit perspective suggests that stress is likely when,all jobs are equally demanding,employee abilities and needs mismatch environmental demands and supplies,employees are highly paid,organizations use work teams,2,Person-environment fit theory holds that strain increases when there is a mismatch between the person and the environment.,Medium,Industrial/Organizational Psychology,Exam 5,Exam 5
Role ambiguity is a stressor that occurs when,an employee receives too many rewards,expectations about duties and performance are unclear,the employee strongly identifies with the job,two supervisors agree fully about priorities,2,Role ambiguity occurs when employees lack clarity about what is expected of them.,Medium,Industrial/Organizational Psychology,Exam 5,Exam 5
Role conflict is present when,job demands are fully consistent,an employee faces incompatible expectations,a person has too little work to do,autonomy is high,2,Role conflict results when demands from different sources or roles are inconsistent.,Medium,Industrial/Organizational Psychology,Exam 5,Exam 5
Which is an example of an organizational coping strategy for stress reduction?,Deep breathing by one employee during lunch,Redesigning workloads and clarifying roles,Ignoring complaints to promote resilience,Encouraging employees to hide distress,2,"Organizational coping strategies address the environment by changing workload, structure, communication, or role definitions.",Medium,Industrial/Organizational Psychology,Exam 5,Exam 5
Counterproductive work behavior includes,helping coworkers voluntarily,arriving early to prepare for work,"theft, sabotage, absenteeism abuse, and deliberate rule violations",participating in quality circles,3,Counterproductive work behavior includes intentional acts that harm the organization or its members.,Medium,Industrial/Organizational Psychology,Exam 5,Exam 5
"In the communication process, noise refers to",upward communication only,any interference that distorts or disrupts a message,all informal communication,messages sent through the grapevine,2,"Noise includes physical, semantic, psychological, or technological barriers that reduce communication accuracy.",Medium,Industrial/Organizational Psychology,Exam 5,Exam 5
Downward communication refers to communication flowing,from subordinates to supervisors,between peers at the same level,from higher to lower levels in the hierarchy,only through informal networks,3,"Downward communication flows from management to subordinates, such as directives or policies.",Medium,Industrial/Organizational Psychology,Exam 5,Exam 5
The grapevine is best understood as,the formal chain of command,an informal communication network within the organization,a standardized interview guide,a selection ratio table,2,"The grapevine refers to unofficial, informal channels through which information spreads.",Medium,Industrial/Organizational Psychology,Exam 5,Exam 5
Effective upward communication is particularly useful because it,eliminates all organizational conflict,gives management information from lower levels of the organization,prevents any informal communication from developing,removes the need for performance appraisal,2,"Upward communication helps leaders understand operational realities, employee concerns, and feedback from lower levels.",Medium,Industrial/Organizational Psychology,Exam 5,Exam 5
Group cohesiveness generally refers to the,number of rules in a team,attractiveness of the group to its members and their desire to remain in it,similarity of job titles among members,frequency of absenteeism in a department,2,"Cohesiveness reflects bonding, attraction, and commitment to the group.",Medium,Industrial/Organizational Psychology,Exam 5,Exam 5
Groupthink is most likely when a highly cohesive group,actively seeks outside criticism and debate,values unanimity over realistic appraisal of alternatives,uses structured dissent procedures,is composed of independent contractors,2,Groupthink occurs when the desire for agreement suppresses critical analysis and dissent.,Medium,Industrial/Organizational Psychology,Exam 5,Exam 5
Social facilitation refers to the tendency for performance to,worsen on all tasks in the presence of others,improve on well-learned tasks in the presence of others,become unrelated to arousal,depend only on monetary rewards,2,Social facilitation predicts improved performance on simple or well-practiced tasks and poorer performance on complex or novel tasks in the presence of others.,Medium,Industrial/Organizational Psychology,Exam 5,Exam 5
A team differs from a mere group primarily because a team,always has fewer than four members,has members with interdependent roles working toward a shared goal,avoids conflict entirely,functions without norms,2,Teams involve coordinated interdependence and shared accountability beyond mere aggregation of people.,Medium,Industrial/Organizational Psychology,Exam 5,Exam 5
Which conflict management style reflects high concern for self and high concern for others?,Avoiding,Accommodating,Competing,Collaborating,4,Collaborating reflects high concern for both self and others and seeks integrative solutions.,Medium,Industrial/Organizational Psychology,Exam 5,Exam 5
Leadership is best defined as,the formal position a person holds in the hierarchy,the process of influencing others toward goal attainment,technical expertise in a specialized job,the ability to control rewards exclusively,2,"Leadership is fundamentally influence directed toward individual, group, or organizational goals.",Medium,Industrial/Organizational Psychology,Exam 5,Exam 5
Trait approaches to leadership attempt primarily to identify,universal pay systems,stable personal characteristics associated with leadership,the best organizational chart,the legal limits of managerial power,2,Trait theories ask what enduring attributes distinguish leaders from nonleaders or effective from ineffective leaders.,Medium,Industrial/Organizational Psychology,Exam 5,Exam 5
"In the Ohio State leadership studies, initiating structure refers to leader behavior that",builds warmth and trust only,"emphasizes defining roles, standards, and task organization",ignores performance expectations,focuses exclusively on participation,2,"Initiating structure involves task clarification, planning, and coordination.",Medium,Industrial/Organizational Psychology,Exam 5,Exam 5
Fiedler’s contingency model proposes that leader effectiveness depends on the match between,salary and job satisfaction,leader style and situational favorableness,personality and test validity,autonomy and centralization,2,Fiedler argued that effectiveness depends on matching a leader’s style with situational control or favorableness.,Medium,Industrial/Organizational Psychology,Exam 5,Exam 5
Path-goal theory suggests that leaders are effective when they,avoid clarifying tasks so subordinates remain independent,adjust their style to help subordinates attain valued goals,rely only on coercive power,minimize feedback to strengthen intrinsic motivation,2,"Path-goal leaders clarify paths, reduce obstacles, and link performance to valued outcomes.",Medium,Industrial/Organizational Psychology,Exam 5,Exam 5
Transformational leaders are most likely to,focus solely on exchange relationships and corrective action,"inspire followers through vision, meaning, and development",avoid change to preserve stability,depend primarily on legitimate power,2,"Transformational leadership elevates motivation and commitment by articulating vision, modeling values, and developing followers.",Medium,Industrial/Organizational Psychology,Exam 5,Exam 5
Leader-member exchange theory emphasizes,the quality of dyadic relationships between leaders and subordinates,the superiority of authoritarian leadership,the irrelevance of in-groups and out-groups,the elimination of role negotiation,1,LMX theory focuses on unique exchange relationships between a leader and each subordinate.,Medium,Industrial/Organizational Psychology,Exam 5,Exam 5
Which power base rests on a subordinate’s belief that the leader has the right to make demands?,Expert power,Referent power,Legitimate power,Informational power,3,Legitimate power comes from formal authority and the accepted right to direct others.,Medium,Industrial/Organizational Psychology,Exam 5,Exam 5
Expert power is derived primarily from,access to punishments,formal organizational position alone,"perceived knowledge, skill, or expertise",personal friendship only,3,Expert power depends on others believing the person knows something valuable.,Medium,Industrial/Organizational Psychology,Exam 5,Exam 5
Organizational politics is best defined as,all formal decision making in organizations,"activities aimed at acquiring, developing, and using power and other resources to obtain preferred outcomes",conflict resolution through collaboration only,any communication sent by top management,2,"Organizational politics involves influence efforts tied to interests, resources, and preferred outcomes, especially under ambiguity or scarcity.",Medium,Industrial/Organizational Psychology,Exam 5,Exam 5
A likely consequence of high perceived organizational politics is,increased trust and satisfaction,reduced stress and greater clarity,lower commitment and more strain,complete elimination of role conflict,3,"High politics perceptions are commonly associated with stress, distrust, dissatisfaction, and weakened commitment.",Medium,Industrial/Organizational Psychology,Exam 5,Exam 5
Centralization refers to the degree to which,tasks are grouped by specialty,decision-making authority is concentrated at upper levels,jobs are enriched for autonomy,teams are self-managed,2,Centralization refers to the locus of authority; highly centralized organizations keep decision power near the top.,Medium,Industrial/Organizational Psychology,Exam 5,Exam 5
A functional structure groups positions according to,geographic region only,product line only,"specialized functions such as marketing, finance, and operations",informal friendships,3,Functional structures organize people by similar expertise or functions.,Medium,Industrial/Organizational Psychology,Exam 5,Exam 5
A flatter organization typically has,more hierarchical levels and narrower spans of control,fewer hierarchical levels and broader spans of control,no managers,total centralization in every decision,2,Flat organizations reduce layers and often give each manager responsibility for more subordinates.,Medium,Industrial/Organizational Psychology,Exam 5,Exam 5
Organizational culture consists primarily of,written job descriptions only,"shared values, assumptions, meanings, and norms in an organization",legal compliance manuals,official compensation records,2,Culture consists of the deeper shared understandings that shape behavior and interpretation in organizations.,Medium,Industrial/Organizational Psychology,Exam 5,Exam 5
Organizational development is best described as,a selection method using simulations,planned organizational change based on behavioral science knowledge,the natural aging of an organization over time,a compensation strategy for executives,2,Organizational development uses planned interventions grounded in behavioral science to improve effectiveness and well-being.,Medium,Industrial/Organizational Psychology,Exam 5,Exam 5
Which statement best reflects a major trend in contemporary work identified in I/O psychology?,Jobs are becoming simpler and less information-based,Workforce diversity and globalization are becoming more important,Human resource issues are declining in importance,Virtual work arrangements are disappearing,2,"Contemporary I/O psychology emphasizes diversity, globalization, technology, and changing work arrangements.",Medium,Industrial/Organizational Psychology,Exam 5,Exam 5
"Under RA 10029 and the PAP Code, which statement is most accurate?",Anyone with a psychology degree may legally practice as a psychologist or psychometrician,Only licensed and registered psychologists and psychometricians are legally allowed to practice their profession,Licensure is optional if one works in an organization,Registration is necessary only for private practice therapists,2,RA 10029 and the PAP Code emphasize that legal practice is limited to properly licensed and registered professionals.,Medium,Industrial/Organizational Psychology,Exam 5,Exam 5
A psychometrician in an HR department is asked to interpret obsolete test scores from an outdated instrument and submit conclusions for promotion decisions. The most ethical response is to,comply because management requested it,provide the report but add no reservations,refuse to base interpretations on obsolete tests or outdated results,release raw scores only and let supervisors decide,3,Ethical assessment practice prohibits relying on obsolete tests or outdated results for interpretation and recommendation.,Medium,Industrial/Organizational Psychology,Exam 5,Exam 5
"A practitioner is asked to use a test with no relevant norms for the applicant population. Based on ethical standards, the best action is to",use it anyway because all standardized tests are interchangeable,rely exclusively on face validity,"use assessment tools that are valid, reliable, and referable to the client population, or select a more appropriate instrument",allow an untrained HR clerk to interpret the results,3,"Ethical testing requires instruments appropriate to the client population, with sound psychometric support and relevant norms.",Medium,Industrial/Organizational Psychology,Exam 5,Exam 5
"In a third-party referral for employee assessment, informed ethical practice requires clarifying",only the test schedule,"who the client is, the expected role, probable uses of information, and limits of confidentiality",only whether the employee can refuse,only the employer’s preferred decision,2,"In third-party requests, the practitioner must clarify roles, client identity, uses of information, and confidentiality limits from the outset.",Medium,Industrial/Organizational Psychology,Exam 5,Exam 5
Which action would most clearly violate test security and confidentiality standards?,Explaining results to the client in understandable language,Supervising release of results to authorized parties,Giving raw test items and responses to unauthorized personnel for convenience,Using original test materials,3,Raw test materials and responses are protected by confidentiality and test security rules and should not be released casually to unauthorized persons.,Medium,Industrial/Organizational Psychology,Exam 5,Exam 5
"A practitioner delegates test administration to an assistant. Ethically, the practitioner should",delegate any task regardless of the assistant’s competence,ensure the delegated person can perform competently and inform the client of the delegation,avoid all supervision because delegation transfers responsibility,allow the assistant to interpret results independently without training,2,"Delegation is ethical only when competence, supervision, and transparency to the client are ensured.",Medium,Industrial/Organizational Psychology,Exam 5,Exam 5
Which situation best illustrates a harmful multiple relationship?,A psychologist evaluates an employee and later enters a romantic relationship with that employee while the professional influence remains relevant,A psychologist reads a journal article about assessment,A psychometrician attends a CPD seminar on testing,A consultant explains confidentiality limits before an assessment,1,"This creates a multiple relationship that can impair objectivity, exploit the person, and risk harm.",Medium,Industrial/Organizational Psychology,Exam 5,Exam 5
"During teleassessment, ethical practice especially requires informing the examinee about",the practitioner’s favorite test,"implications of poor internet connectivity, especially for timed tests",only the cost of the session,the names of all previous clients,2,"Teleassessment requires explicit discussion of connectivity risks because these can affect fairness and validity, especially in timed testing.",Medium,Industrial/Organizational Psychology,Exam 5,Exam 5
A psychometrician receives a request from a manager to release an applicant’s full raw test data by email for “faster decision making.” The most ethical response is to,send all raw data immediately because the manager is the employer,refuse because raw test data should not be released to unauthorized persons and confidentiality must be protected,post the results in the department group chat,release the data verbally so there is no written record,2,Ethical practice protects raw test data and limits access to authorized recipients under proper conditions.,Medium,Industrial/Organizational Psychology,Exam 5,Exam 5
"An HR practitioner learns that another psychology professional may have committed an ethical violation that is likely to cause substantial harm to a person or organization. According to the Code, the practitioner should",ignore it unless directly affected,spread the issue informally to coworkers,"take further action and report the violation to appropriate authorities, unless doing so would violate confidentiality rights in the specific exception covered by the Code",file a complaint without evidence to be safe,3,"The Code supports further reporting when substantial harm is likely, while recognizing specific confidentiality-related limits.",Medium,Industrial/Organizational Psychology,Exam 5,Exam 5
Which statement best captures the primary scope of industrial/organizational psychology?,It focuses mainly on diagnosis and treatment of mental disorders among employees,It studies work behavior and applies psychological principles to improve workplace functioning,It is limited to employee selection and testing,It is primarily concerned with accounting efficiency and marketing systems,2,"I/O psychology focuses on behavior in work settings and the application of psychological principles to improve workplace systems, employee behavior, and organizational effectiveness.",Medium,Industrial/Organizational Psychology,Exam 6,Exam 6
The scientist-practitioner model in I/O psychology emphasizes that practitioners should:,rely mainly on intuition because workplace situations are too complex for data,separate research from practice to avoid bias,ground workplace interventions in research while using practice to inform research questions,focus only on laboratory studies instead of organizational problems,3,The scientist-practitioner model requires I/O psychologists to use scientific evidence to guide practice while also drawing from real workplace problems to shape research.,Medium,Industrial/Organizational Psychology,Exam 6,Exam 6
Which historical figure is most closely associated with scientific management?,Elton Mayo,Frederick W. Taylor,Kurt Lewin,Douglas McGregor,2,"Frederick W. Taylor is the central figure behind scientific management, which emphasized using scientific methods to improve work efficiency.",Medium,Industrial/Organizational Psychology,Exam 6,Exam 6
Time-and-motion studies were designed primarily to:,examine workers’ unconscious motives,identify the most efficient way to perform job tasks,determine employee attitudes toward supervision,assess leadership potential through simulations,2,Time-and-motion studies break tasks into component movements to determine the most efficient sequence for performing work.,Medium,Industrial/Organizational Psychology,Exam 6,Exam 6
Which pair is most associated with the first large-scale military mental testing effort?,Army Alpha and Army Beta,MMPI and CPI,PAQ and O*NET,BARS and BOS,1,Army Alpha and Army Beta were the first large-scale mental ability tests used to classify military recruits during World War I.,Medium,Industrial/Organizational Psychology,Exam 6,Exam 6
The Hawthorne effect refers to:,improved performance caused by increased pay alone,changes in behavior resulting from awareness of being observed,a decline in morale caused by poor lighting,the tendency to conform to group norms in decision making,2,The Hawthorne effect refers to behavior changes that occur because people know they are being observed and react to that attention.,Medium,Industrial/Organizational Psychology,Exam 6,Exam 6
A researcher wants to determine whether a new training program causes higher productivity than the old program. Which design is most appropriate?,Case study,Correlational design,Experimental design,Archival review,3,An experimental design is most appropriate for testing causation because it allows the researcher to manipulate the training condition and compare outcomes.,Medium,Industrial/Organizational Psychology,Exam 6,Exam 6
"In an experiment, the variable manipulated by the researcher is the:",dependent variable,criterion variable,predictor variable,independent variable,4,The independent variable is the one the researcher manipulates to examine its effect on the outcome.,Medium,Industrial/Organizational Psychology,Exam 6,Exam 6
Reliability refers to the extent to which a measure:,predicts future job performance,fairly treats protected groups,yields consistent results,appears job related to applicants,3,"Reliability refers to the consistency or stability of a measure across time, items, or raters.",Medium,Industrial/Organizational Psychology,Exam 6,Exam 6
Validity refers to the extent to which a selection method:,produces identical scores across time,measures or predicts what it is intended to measure or predict,is inexpensive to administer,is preferred by managers,2,Validity concerns whether a test or procedure actually measures or predicts the construct or performance it claims to assess.,Medium,Industrial/Organizational Psychology,Exam 6,Exam 6
Which of the following is the best example of criterion-related validity?,A reading test is reviewed by experts for relevance to a clerical job,Applicants with higher typing test scores later show higher data-entry accuracy,A personality test has high internal consistency,A job analysis identifies important KSAOs,2,Criterion-related validity is shown when scores on a predictor are related to actual job performance outcomes.,Medium,Industrial/Organizational Psychology,Exam 6,Exam 6
Meta-analysis is most useful when a researcher wants to:,manipulate independent variables in a field setting,combine findings from multiple studies to estimate overall effects,replace job analysis with archival review,eliminate the need for sampling,2,Meta-analysis statistically combines results from multiple studies to estimate the overall magnitude and direction of findings.,Medium,Industrial/Organizational Psychology,Exam 6,Exam 6
A job analysis is most directly used to:,diagnose psychopathology in employees,identify job duties and required worker characteristics,determine macroeconomic trends,measure organizational climate only,2,"Job analysis identifies what a job involves and the knowledge, skills, abilities, and other characteristics needed for successful performance.",Medium,Industrial/Organizational Psychology,Exam 6,Exam 6
Which job analysis method is likely to be most useful for a highly repetitive manual job?,Observation,Projective testing,Clinical interviewing,Free association,1,"Observation is particularly useful for repetitive, visible, and manual tasks because the behaviors can be directly seen and recorded.",Medium,Industrial/Organizational Psychology,Exam 6,Exam 6
A statement of the human characteristics needed to perform a job is called a:,job evaluation,job context analysis,job specification,critical incident log,3,A job specification describes the human qualities and qualifications required to perform a job effectively.,Medium,Industrial/Organizational Psychology,Exam 6,Exam 6
Which technique focuses on collecting examples of especially effective and ineffective job behavior?,Functional job analysis,Position Analysis Questionnaire,Critical incidents technique,Graphology,3,The critical incidents technique gathers specific examples of highly effective and ineffective job behaviors to define performance requirements.,Medium,Industrial/Organizational Psychology,Exam 6,Exam 6
"When an organization forecasts future vacancies and determines how many employees will be needed, it is engaged in:",adverse impact analysis,human resource planning,criterion contamination,succession bias,2,Human resource planning involves anticipating future staffing needs and preparing to meet them.,Medium,Industrial/Organizational Psychology,Exam 6,Exam 6
A realistic job preview is most likely to reduce:,test validity,halo error,voluntary turnover based on unmet expectations,content validity,3,"Realistic job previews help applicants form accurate expectations, reducing the likelihood that they will quit because the job is not what they expected.",Medium,Industrial/Organizational Psychology,Exam 6,Exam 6
Which recruitment source often reaches people who are not actively job searching?,Internal bulletin boards only,Passive applicant targeting,Walk-in applications only,Random mail surveys,2,Passive applicant targeting reaches individuals who are not actively applying but may still be interested in a new opportunity.,Medium,Industrial/Organizational Psychology,Exam 6,Exam 6
The major advantage of a structured interview over an unstructured interview is that the structured interview:,allows interviewers to ask unrelated personal questions,is generally more reliable and legally defensible,eliminates the need for job analysis,works best only for executive jobs,2,"Structured interviews use standardized questions and scoring, which improves consistency and strengthens legal defensibility.",Medium,Industrial/Organizational Psychology,Exam 6,Exam 6
A selection procedure that measures actual performance on job-related tasks is called a:,biodata inventory,work sample,personality inventory,reference check,2,A work sample directly assesses how well an applicant performs tasks similar to those required on the job.,Medium,Industrial/Organizational Psychology,Exam 6,Exam 6
Assessment centers are especially known for evaluating:,only clerical speed,managerial and leadership-related competencies through simulations,intelligence using paper-and-pencil tests only,psychopathology in job applicants,2,"Assessment centers typically use simulations, role plays, and exercises to assess leadership, decision making, and managerial skills.",Medium,Industrial/Organizational Psychology,Exam 6,Exam 6
Which statement about cognitive ability tests is most accurate?,They are never valid predictors of performance,They often predict performance well but may raise fairness concerns if poorly used,They should replace all other predictors in every hiring decision,They are useful only for low-complexity jobs,2,"Cognitive ability tests are often strong predictors of performance, especially for complex jobs, but they require careful validation and fairness monitoring.",Medium,Industrial/Organizational Psychology,Exam 6,Exam 6
Biodata is based primarily on:,physiological stress indicators,"applicants’ past life, educational, and work experiences",graphological handwriting signs,projective storytelling responses,2,Biodata uses information from an applicant’s background and past experiences as predictors of future job behavior.,Medium,Industrial/Organizational Psychology,Exam 6,Exam 6
Integrity tests are designed primarily to assess:,fine motor coordination,likelihood of counterproductive or dishonest behavior,verbal ability,job satisfaction,2,"Integrity tests are intended to predict tendencies toward dishonesty, theft, and other counterproductive workplace behaviors.",Medium,Industrial/Organizational Psychology,Exam 6,Exam 6
"In personnel selection, a false negative occurs when an organization:",hires an applicant who later performs poorly,rejects an applicant who would have performed well,hires all applicants regardless of qualification,promotes someone already performing well,2,A false negative is an incorrect rejection of someone who actually would have succeeded on the job.,Medium,Industrial/Organizational Psychology,Exam 6,Exam 6
A cutoff score is most defensible when it:,is chosen arbitrarily by a supervisor,is based on job-related evidence,ensures the hiring of friends and referrals,is identical for all jobs regardless of requirements,2,A cutoff score is most defensible when it is supported by evidence showing that it reflects the minimum level of competence required for the job.,Medium,Industrial/Organizational Psychology,Exam 6,Exam 6
The rule of three in some civil service systems means the hiring authority may choose from:,any applicant who passed,only the top three scorers,the lowest-scoring three qualified applicants,three randomly selected applicants,2,The rule of three allows the appointing authority to select from among the top three eligible candidates on the list.,Medium,Industrial/Organizational Psychology,Exam 6,Exam 6
Which of the following best describes adverse impact?,A selection method with no relationship to job performance,A selection method that disproportionately excludes members of a protected group,A performance rating inflated by halo error,A training program with low transfer of learning,2,Adverse impact occurs when a selection procedure produces substantially lower selection rates for members of a protected group.,Medium,Industrial/Organizational Psychology,Exam 6,Exam 6
The best foundation for defending the job relatedness of a selection test is:,organizational tradition,job analysis,interviewer preference,applicant satisfaction,2,Job analysis provides the empirical basis for showing that a test reflects actual job requirements and relevant worker characteristics.,Medium,Industrial/Organizational Psychology,Exam 6,Exam 6
Performance appraisal is least appropriate when the primary goal is to:,provide developmental feedback,make promotion decisions,measure individual performance,diagnose a psychiatric disorder,4,"Performance appraisal is intended to evaluate work behavior and outcomes, not to diagnose mental disorders.",Medium,Industrial/Organizational Psychology,Exam 6,Exam 6
Which source of performance ratings is most likely to observe day-to-day task performance for many jobs?,Customers,Peers,Immediate supervisors,Board members,3,Immediate supervisors commonly observe employees’ daily work and are therefore a primary source of appraisal information.,Medium,Industrial/Organizational Psychology,Exam 6,Exam 6
A halo error occurs when a rater:,bases a rating mainly on recent behavior,allows one positive quality to influence ratings on unrelated dimensions,rates everyone too strictly,compares all employees to the best worker,2,Halo error happens when one favorable characteristic influences the rater’s judgments across several unrelated areas of performance.,Medium,Industrial/Organizational Psychology,Exam 6,Exam 6
A recency effect in appraisal means the rater:,emphasizes the employee’s earliest period of performance,is influenced too heavily by the most recent behavior,avoids using memory in evaluations,rates only objective performance,2,A recency effect occurs when recent events are given too much weight compared with the employee’s overall performance period.,Medium,Industrial/Organizational Psychology,Exam 6,Exam 6
Behaviorally anchored rating scales are designed to improve appraisals by:,replacing all qualitative judgments with IQ scores,tying scale points to specific behavioral examples,making all dimensions equally weighted,forcing raters to rank employees only,2,BARS improves appraisal quality by anchoring each rating level to specific observable behaviors.,Medium,Industrial/Organizational Psychology,Exam 6,Exam 6
A 360-degree feedback system typically includes ratings from:,supervisors only,peers only,"multiple sources such as supervisors, peers, subordinates, and self",customers only,3,A 360-degree system uses feedback from several perspectives to provide a more comprehensive evaluation of performance.,Medium,Industrial/Organizational Psychology,Exam 6,Exam 6
The first step in designing an effective training program is usually to:,evaluate training outcomes,assess training needs,reward trainees,terminate poor performers,2,"Training should begin with a needs assessment to determine what must be taught, to whom, and why.",Medium,Industrial/Organizational Psychology,Exam 6,Exam 6
"Which type of training needs analysis focuses on whether a specific employee lacks necessary knowledge, skill, or motivation?",Organizational analysis,Task analysis,Person analysis,Job evaluation,3,"Person analysis identifies which employees need training and whether performance problems stem from lack of knowledge, skill, or readiness.",Medium,Industrial/Organizational Psychology,Exam 6,Exam 6
Transfer of training is best demonstrated when:,trainees enjoy the workshop,trainees score well on an immediate quiz only,learned knowledge and skills are applied on the job,the trainer receives positive ratings,3,Transfer of training occurs when employees use what they learned in training in actual work settings.,Medium,Industrial/Organizational Psychology,Exam 6,Exam 6
Which training method is especially useful for practicing interpersonal skills?,Role-play,Job evaluation,Archival analysis,Forced ranking,1,Role-play allows trainees to practice social and interpersonal behaviors in realistic simulated interactions.,Medium,Industrial/Organizational Psychology,Exam 6,Exam 6
Goal-setting theory predicts higher performance when goals are:,vague and easy,"difficult, specific, and accepted",assigned secretly without feedback,unrelated to performance outcomes,2,"Goal-setting theory shows that performance improves when goals are specific, challenging, and accepted by the employee.",Medium,Industrial/Organizational Psychology,Exam 6,Exam 6
Expectancy theory suggests that motivation depends on the belief that effort will lead to performance and performance will lead to:,repression,punishment only,valued outcomes,role ambiguity,3,Expectancy theory proposes that people are motivated when they believe effort leads to performance and performance leads to outcomes they value.,Medium,Industrial/Organizational Psychology,Exam 6,Exam 6
Equity theory is mainly concerned with employees’ perceptions of:,cognitive complexity,fairness in the ratio of inputs to outcomes,physiological arousal,trait conscientiousness only,2,Equity theory focuses on whether employees perceive a fair balance between what they contribute and what they receive relative to others.,Medium,Industrial/Organizational Psychology,Exam 6,Exam 6
"According to Herzberg’s two-factor theory, pay and working conditions are usually classified as:",motivators,hygiene factors,growth needs,self-actualizers,2,Herzberg classified pay and working conditions as hygiene factors because they prevent dissatisfaction more than they create deep motivation.,Medium,Industrial/Organizational Psychology,Exam 6,Exam 6
"The Job Characteristics Model proposes that motivation is enhanced when jobs are high in skill variety, task identity, task significance, autonomy, and:",centralization,feedback,span of control,role conflict,2,"Feedback is one of the five core job characteristics that increase meaningfulness, responsibility, and knowledge of results.",Medium,Industrial/Organizational Psychology,Exam 6,Exam 6
A company introduces merit pay tied directly to measurable performance. This is most consistent with:,reinforcement principles,psychoanalytic theory,groupthink theory,field theory only,1,Reinforcement principles emphasize that behavior is strengthened when followed by desirable consequences such as merit-based rewards.,Medium,Industrial/Organizational Psychology,Exam 6,Exam 6
Job satisfaction is best defined as:,permanent loyalty to an organization,positive and negative feelings about one’s job,willingness to work overtime,absence of workplace conflict,2,Job satisfaction refers to an employee’s overall evaluative feelings and attitudes toward the job.,Medium,Industrial/Organizational Psychology,Exam 6,Exam 6
Organizational commitment refers most directly to:,agreement with one’s pay only,attachment to and involvement in the organization,compliance with a supervisor’s every request,skill in handling stress,2,"Organizational commitment reflects an employee’s psychological attachment, identification, and involvement with the organization.",Medium,Industrial/Organizational Psychology,Exam 6,Exam 6
Organizational citizenship behavior is:,any behavior required in the job description,voluntary behavior that supports organizational functioning beyond formal requirements,behavior motivated only by fear of punishment,deviance directed at the organization,2,Organizational citizenship behavior refers to discretionary actions that help the organization but are not formally required.,Medium,Industrial/Organizational Psychology,Exam 6,Exam 6
Which employee is showing withdrawal behavior?,One who volunteers to help coworkers,One who frequently arrives late and is often absent,One who exceeds production quotas,One who mentors new hires,2,"Withdrawal behavior includes lateness, absenteeism, and other actions that reflect disengagement from work.",Medium,Industrial/Organizational Psychology,Exam 6,Exam 6
Burnout is most closely associated with:,charisma and initiative,"emotional exhaustion, depersonalization, and reduced accomplishment",increased intrinsic motivation,improved person-job fit,2,"Burnout is classically characterized by emotional exhaustion, cynical detachment, and a reduced sense of effectiveness.",Medium,Industrial/Organizational Psychology,Exam 6,Exam 6
Role ambiguity is stressful because the employee:,knows exactly what is expected,"is unsure about duties, expectations, or criteria",receives too much autonomy,experiences too much coworker support,2,"Role ambiguity creates stress because the employee lacks clear information about responsibilities, expectations, or standards.",Medium,Industrial/Organizational Psychology,Exam 6,Exam 6
Which is the best example of a situational source of work stress?,Low emotional stability,Type A disposition,Conflicting instructions from two supervisors,Chronic pessimism,3,Conflicting instructions from supervisors represent a situational or organizational stressor arising from the work environment.,Medium,Industrial/Organizational Psychology,Exam 6,Exam 6
Person-environment fit concerns the match between:,salary and inflation rates,worker characteristics and job or organizational demands,labor law and union demands,training cost and utility estimates,2,"Person-environment fit refers to how well an individual’s abilities, needs, or values align with workplace demands and characteristics.",Medium,Industrial/Organizational Psychology,Exam 6,Exam 6
Counterproductive work behavior includes:,organizational citizenship behavior,"absenteeism, theft, sabotage, and harassment",transformational leadership,goal commitment,2,"Counterproductive work behavior includes actions that harm the organization or its members, such as theft, sabotage, absenteeism, and harassment.",Medium,Industrial/Organizational Psychology,Exam 6,Exam 6
Which coping strategy is organizational rather than individual?,Cognitive restructuring by the employee,Personal relaxation training only,Redesigning jobs to reduce overload,Taking a vacation day,3,Job redesign is an organizational intervention because it changes the structure of work to reduce stressors.,Medium,Industrial/Organizational Psychology,Exam 6,Exam 6
Upward communication flows from:,managers to subordinates,subordinates to higher levels,one department to an external client,the formal chain to the informal grapevine only,2,"Upward communication moves from lower levels of the organization to higher levels, such as from employees to supervisors.",Medium,Industrial/Organizational Psychology,Exam 6,Exam 6
The grapevine in organizations refers to:,the official chain of command,an informal communication network,a performance appraisal system,a job analysis procedure,2,The grapevine is the informal system through which information spreads outside official channels.,Medium,Industrial/Organizational Psychology,Exam 6,Exam 6
Noise in the communication process refers to:,any factor that distorts or interferes with a message,loud machinery only,informal leadership,nonverbal behavior only,1,"Noise refers broadly to anything that interferes with the accurate sending, receiving, or interpretation of a message.",Medium,Industrial/Organizational Psychology,Exam 6,Exam 6
Which statement about nonverbal communication is most accurate?,It has little relevance in workplace interaction,It can influence meaning even when spoken words remain the same,It matters only in formal presentations,It is less important than written communication in every case,2,"Nonverbal cues such as tone, posture, and facial expression can significantly change how spoken messages are understood.",Medium,Industrial/Organizational Psychology,Exam 6,Exam 6
A work team differs from a mere collection of employees because team members:,always have identical personalities,share interdependence toward common goals,avoid role differentiation,never experience conflict,2,A true team is defined by members’ interdependence and shared commitment to common objectives.,Medium,Industrial/Organizational Psychology,Exam 6,Exam 6
Group norms are:,formal job descriptions only,shared expectations about appropriate behavior,legal requirements imposed by government,personality traits of leaders,2,Group norms are the shared rules or expectations that guide how members are expected to behave.,Medium,Industrial/Organizational Psychology,Exam 6,Exam 6
Group cohesiveness is most directly related to:,members’ attraction to and desire to remain in the group,the formal authority of the supervisor,the organization’s accounting practices,the use of punishment systems,1,Group cohesiveness refers to the strength of members’ bonds and their desire to stay in the group.,Medium,Industrial/Organizational Psychology,Exam 6,Exam 6
Groupthink is most likely when a highly cohesive group:,actively encourages dissent and critical evaluation,suppresses dissent and seeks unanimity,uses structured decision procedures,includes diverse independent viewpoints,2,Groupthink occurs when group members avoid disagreement and prioritize consensus over critical evaluation.,Medium,Industrial/Organizational Psychology,Exam 6,Exam 6
Group polarization refers to the tendency for group discussion to:,eliminate all disagreement,move group decisions toward more extreme positions,reduce risk-taking in all cases,produce objective answers automatically,2,"Group polarization means that discussion often strengthens members’ initial tendencies, resulting in more extreme group decisions.",Medium,Industrial/Organizational Psychology,Exam 6,Exam 6
Conflict between two departments over limited budget allocations is an example of:,intrapersonal conflict,intergroup conflict,role ambiguity,social loafing,2,Conflict between departments is intergroup conflict because it occurs between distinct organizational groups.,Medium,Industrial/Organizational Psychology,Exam 6,Exam 6
Social loafing refers to the tendency of some group members to:,dominate all discussions,reduce effort when individual contributions are not identifiable,experience burnout quickly,conform excessively to a charismatic leader,2,Social loafing occurs when people exert less effort in group tasks because their individual contribution is less visible.,Medium,Industrial/Organizational Psychology,Exam 6,Exam 6
Trait theories of leadership focus primarily on:,situational constraints only,stable personal characteristics associated with leadership,reward systems,organizational structure only,2,Trait theories seek to identify enduring personal qualities associated with leadership emergence and effectiveness.,Medium,Industrial/Organizational Psychology,Exam 6,Exam 6
The Ohio State leadership studies emphasized two major leader behaviors commonly labeled:,concern for production and concern for people,initiating structure and consideration,equity and expectancy,power and politics,2,The Ohio State studies identified initiating structure and consideration as two major dimensions of leader behavior.,Medium,Industrial/Organizational Psychology,Exam 6,Exam 6
Fiedler’s contingency model argues that leadership effectiveness depends on the match between leader style and:,the number of subordinates only,situational favorableness,employee age,compensation structure,2,Fiedler’s model states that a leader’s effectiveness depends on how well the leader’s style matches the favorableness of the situation.,Medium,Industrial/Organizational Psychology,Exam 6,Exam 6
Path-goal theory suggests that leaders should:,use one fixed style with all employees,clarify paths to goals and adapt behavior to subordinate and task needs,avoid participation in decision making,rely only on legitimate power,2,Path-goal theory proposes that leaders increase motivation by clarifying the route to goals and adjusting leadership style to fit the situation.,Medium,Industrial/Organizational Psychology,Exam 6,Exam 6
Leader-member exchange theory emphasizes:,equal-quality relationships with every subordinate at all times,the quality of dyadic relationships between leaders and individual subordinates,leadership based only on traits,punishment as the best source of power,2,LMX theory focuses on the unique relationship quality developed between a leader and each follower.,Medium,Industrial/Organizational Psychology,Exam 6,Exam 6
Transformational leaders are most likely to:,focus only on transactions and exchanges,"inspire followers through vision, stimulation, and individualized consideration",avoid changing existing systems,discourage follower development,2,"Transformational leaders motivate followers by communicating a compelling vision, encouraging new thinking, and attending to individual development.",Medium,Industrial/Organizational Psychology,Exam 6,Exam 6
Legitimate power is based primarily on:,expertise,formal position or authority,personal attractiveness,access to rewards only,2,Legitimate power comes from the authority granted by one’s formal role in the organization.,Medium,Industrial/Organizational Psychology,Exam 6,Exam 6
Expert power is derived from:,control over punishments,interpersonal liking alone,perceived knowledge or competence,organizational politics only,3,Expert power arises when others view a person as highly knowledgeable or competent in a valued area.,Medium,Industrial/Organizational Psychology,Exam 6,Exam 6
Organizational politics refers to behavior aimed at:,improving only employee well-being,informal influence to secure personal or group interests,eliminating all power differences,conducting elections inside the company,2,Organizational politics involves informal influence efforts used to protect or advance personal or group interests.,Medium,Industrial/Organizational Psychology,Exam 6,Exam 6
A centralized organization is one in which decision authority is:,widely distributed to lower levels,concentrated at higher levels,irrelevant to structure,based only on informal norms,2,"In a centralized structure, important decisions are made primarily by upper-level management.",Medium,Industrial/Organizational Psychology,Exam 6,Exam 6
Span of control refers to:,the number of hierarchical levels in a firm,the number of subordinates reporting directly to a supervisor,the amount of political behavior in a group,the degree of formalization only,2,Span of control is the number of employees who report directly to a single supervisor.,Medium,Industrial/Organizational Psychology,Exam 6,Exam 6
"In a functional structure, employees are grouped primarily by:",geographic region,product line,specialized functions such as marketing or finance,temporary project team,3,A functional structure groups employees according to specialized areas of work or expertise.,Medium,Industrial/Organizational Psychology,Exam 6,Exam 6
Organizational culture refers to:,written policies only,"shared values, beliefs, and assumptions that shape behavior",the formal compensation system,labor market supply,2,"Organizational culture consists of the shared meanings, values, and assumptions that influence how members think and behave.",Medium,Industrial/Organizational Psychology,Exam 6,Exam 6
Organizational development interventions are generally intended to:,increase random variation in behavior,improve organizational effectiveness through planned change,replace leadership with technology,reduce communication among departments,2,Organizational development involves planned efforts to improve organizational functioning and effectiveness through systematic change.,Medium,Industrial/Organizational Psychology,Exam 6,Exam 6
"A manager asks an applicant, “Do you plan to have children soon?” This question is most problematic because it:",improves content validity,may create legal and fairness concerns unrelated to job requirements,is required for workforce planning,is the best predictor of attendance,2,This question is unrelated to essential job requirements and may create discriminatory and fairness concerns in hiring.,Medium,Industrial/Organizational Psychology,Exam 6,Exam 6
Which selection practice is most consistent with fairness and professional standards?,Using a test because competitors use it,Using a predictor directly linked to job requirements identified by job analysis,Rejecting applicants based on handwriting style alone,Asking supervisors to hire whichever applicant seems most similar to them,2,Fair and professional selection requires predictors that are demonstrably job related and grounded in job analysis evidence.,Medium,Industrial/Organizational Psychology,Exam 6,Exam 6
A psychometrician in an HR department is asked to interpret a complex clinical personality profile independently for treatment planning. The most appropriate response is to:,proceed because any test user may interpret all tests,refuse and refer the matter to a qualified registered psychologist within proper scope,diagnose the applicant but avoid documentation,allow an untrained HR assistant to interpret the report,2,"Complex clinical interpretation and treatment planning fall within the scope of a qualified psychologist, so proper referral is the ethical response.",Medium,Industrial/Organizational Psychology,Exam 6,Exam 6
"Under RA 10029-aligned ethical boundaries, a psychometrician should be most cautious about:",assisting in test administration within competence,scoring and preparing psychological test data within scope,independently conducting psychotherapy as a regular service,working under appropriate supervision when applicable,3,Regular psychotherapy falls outside the typical scope of psychometric practice and requires proper professional qualification and licensure.,Medium,Industrial/Organizational Psychology,Exam 6,Exam 6
A company wants interns with no credentials to administer proprietary psychological tests unsupervised to speed up hiring. The best ethical response is:,allow it if the interns sign confidentiality forms,allow it if applicants consent verbally,prohibit unsupervised administration by unqualified persons,proceed only for internal applicants,3,"Psychological tests must be administered only by qualified individuals or under proper supervision to protect test integrity, validity, and client welfare.",Medium,Industrial/Organizational Psychology,Exam 6,Exam 6
"In assessment practice, informed consent is most directly supported by the principle that clients should:",always receive favorable results,be free from all evaluation,"understand the nature, purpose, and limits of the procedure",waive confidentiality automatically,3,"Informed consent requires that clients understand what the procedure involves, why it is being done, and what limits apply.",Medium,Industrial/Organizational Psychology,Exam 6,Exam 6
An HR psychologist stores identifiable test results on an unsecured shared drive accessible to nonqualified staff. The main ethical concern is:,reduced face validity,breach of confidentiality,low criterion validity,adverse impact,2,Storing identifiable data in an unsecured location accessible to unauthorized persons violates confidentiality and privacy protections.,Medium,Industrial/Organizational Psychology,Exam 6,Exam 6
"A registered psychologist is asked by management to disclose an employee’s test results to all supervisors “for transparency,” even though only one supervisor has a legitimate need to know. The best action is to:",disclose everything because management owns the data,disclose only information necessary for legitimate professional purposes and within limits of confidentiality,post the results in the department,refuse all communication under every circumstance,2,Ethical practice requires limiting disclosure to only what is necessary for legitimate professional purposes and only to those with an appropriate need to know.,Medium,Industrial/Organizational Psychology,Exam 6,Exam 6
A practitioner is asked to deliver online assessment services. Which statement is most ethical?,Ethical standards apply only to face-to-face services,"Telepsychology may be used, but the same ethical duties regarding competence, consent, and confidentiality still apply",Online services eliminate the need for documentation,Telepsychology is always prohibited,2,"Ethical obligations remain in force in telepsychology, including competence, informed consent, confidentiality, and proper documentation.",Medium,Industrial/Organizational Psychology,Exam 6,Exam 6
A practitioner realizes that personal emotional problems are impairing judgment in handling employee grievances. The best course is to:,continue working to avoid appearing weak,ignore the issue if no complaint has been filed,seek consultation or assistance and consider limiting duties if needed,delegate everything to unqualified staff,3,Ethical practice requires psychologists to address personal problems that may impair competence and to limit duties when necessary to avoid harm.,Medium,Industrial/Organizational Psychology,Exam 6,Exam 6
A supervisor asks a psychologist to evaluate an employee who is also the psychologist’s close relative. The biggest ethical issue is:,criterion deficiency,multiple relationship/conflict of interest,downward communication,job enlargement,2,Evaluating a close relative creates a dual relationship and conflict of interest that may impair objectivity and professional judgment.,Medium,Industrial/Organizational Psychology,Exam 6,Exam 6
Which situation best reflects competent caring?,Using an unfamiliar intervention without study because the client is urgent,Providing services only within competence or obtaining proper supervision/training first,Ignoring cultural context to stay objective,Prioritizing organizational savings over foreseeable harm,2,Competent caring requires practitioners to work within their competencies or obtain appropriate training and supervision before proceeding.,Medium,Industrial/Organizational Psychology,Exam 6,Exam 6
A selection consultant exaggerates the predictive power of a test to win a contract. This most clearly violates:,integrity in public statements,job enrichment,need hierarchy theory,participative management,1,"Exaggerating claims about a test’s effectiveness violates honesty, accuracy, and integrity in professional communication.",Medium,Industrial/Organizational Psychology,Exam 6,Exam 6
"A consultant is retained by a company to assess employees for promotion. Ethically, the consultant should clarify at the outset:",only the consultant’s fees,"who the client is, the intended use of information, and limits of confidentiality",that all raw data will be released to coworkers,that promoted employees must attend therapy,2,"Third-party professional services require early clarification of roles, who the client is, how information will be used, and the limits of confidentiality.",Medium,Industrial/Organizational Psychology,Exam 6,Exam 6
Which action best reflects nondiscrimination in professional practice?,Using different scoring standards for applicants from different backgrounds without job-related justification,Avoiding harassment and treating persons fairly regardless of protected characteristics,Refusing to assess persons from cultures unfamiliar to the practitioner even after obtaining training,Withholding accommodations categorically,2,"Nondiscrimination requires fair treatment, respect, and avoidance of harassment or bias based on protected or irrelevant personal characteristics.",Medium,Industrial/Organizational Psychology,Exam 6,Exam 6
A newly promoted manager notices that team members stop challenging poor ideas because they do not want to upset a charismatic leader. The most likely group problem is:,social facilitation,equity restoration,groupthink,job enlargement,3,Groupthink occurs when members suppress dissent and avoid criticism in order to preserve harmony or support a dominant leader.,Medium,Industrial/Organizational Psychology,Exam 6,Exam 6
An organization wants to improve both motivation and satisfaction by redesigning work. Which change is most consistent with I/O principles?,Reduce autonomy and feedback to increase control,"Increase meaningful task variety, autonomy, and feedback",Eliminate all performance goals,Use punishment as the main reward system,2,"Job redesign that increases core job characteristics such as variety, autonomy, and feedback tends to improve both motivation and satisfaction.",Medium,Industrial/Organizational Psychology,Exam 6,Exam 6
Which statement best reflects a balanced I/O perspective on employee effectiveness?,Productivity should be increased even if worker well-being is harmed,"Worker well-being matters, but only after profit targets are met",Effective organizations attend to both performance outcomes and employee psychological conditions,Employee attitudes are unrelated to organizational outcomes,3,I/O psychology emphasizes that organizational effectiveness and employee well-being should both be considered in understanding and improving work behavior.,Medium,Industrial/Organizational Psychology,Exam 6,Exam 6
"A psychometrician in a corporation is instructed to give therapy sessions to distressed employees because “it is all psychology anyway.” Under RA 10029-aligned ethics, the best response is to:",provide therapy if the employees sign consent forms,"provide only emergency support if truly necessary, then refer appropriately and avoid regular therapy outside scope",continue indefinitely because employer instruction overrides role boundaries,delegate the therapy to line managers,2,"A psychometrician must respect scope-of-practice limits, so only temporary emergency support may be appropriate before proper referral for regular therapy.",Medium,Industrial/Organizational Psychology,Exam 6,Exam 6
Which statement best defines industrial/organizational psychology?,It is the branch of psychology concerned primarily with psychotherapy in the workplace,It is the branch of psychology that studies behavior in work settings and applies psychological principles to improve work behavior,"It is the branch of business that focuses on accounting, marketing, and logistics",It is the branch of sociology that explains social class differences in employment,2,I/O psychology is defined as the scientific study of workplace behavior and the application of psychological principles to improve employee performance and well-being.,Medium,Industrial/Organizational Psychology,Exam 7,Exam 7
Which pair of objectives best reflects the dual nature of industrial/organizational psychology?,To diagnose mental disorders and prescribe treatment,To generate profit and reduce labor costs,To conduct scientific research and apply findings to workplace problems,To study personality and eliminate organizational politics,3,The scientist-practitioner model emphasizes both research and application in solving workplace issues.,Medium,Industrial/Organizational Psychology,Exam 7,Exam 7
An I/O psychologist argues that workplace interventions should be grounded in empirical evidence rather than intuition alone. This view is most consistent with the:,human relations movement,scientist-practitioner model,trait activation approach,administrative principles model,2,The scientist-practitioner model requires decisions to be based on empirical research rather than intuition.,Medium,Industrial/Organizational Psychology,Exam 7,Exam 7
Which early contributor is most closely associated with scientific management?,Elton Mayo,Hugo Munsterberg,Frederick W. Taylor,Kurt Lewin,3,"Taylor pioneered scientific management, focusing on efficiency and productivity through systematic study of work tasks.",Medium,Industrial/Organizational Psychology,Exam 7,Exam 7
The Army Alpha and Army Beta tests are historically significant because they:,were the first personality inventories used in corporations,represented early large-scale intelligence testing for personnel placement,replaced all forms of interviews in military selection,were designed mainly to measure emotional stability,2,These tests were used during World War I to classify and assign recruits based on mental ability.,Medium,Industrial/Organizational Psychology,Exam 7,Exam 7
Which historical development most strongly redirected attention toward the social and interpersonal context of work?,The publication of the Dictionary of Occupational Titles,The Civil Rights Act,The Hawthorne studies,The emergence of assessment centers,3,The Hawthorne studies highlighted the importance of social factors and employee perceptions in productivity.,Medium,Industrial/Organizational Psychology,Exam 7,Exam 7
"In the Hawthorne studies, productivity changes were interpreted largely as resulting from:",improvements in incentive pay alone,workers’ awareness of being observed and receiving attention,a perfect match between job and worker ability,elimination of role ambiguity,2,The Hawthorne effect explains increased productivity due to attention rather than actual changes in conditions.,Medium,Industrial/Organizational Psychology,Exam 7,Exam 7
"A researcher manipulates break schedules in one department and compares output with another similar department that did not receive the intervention, but employees were not randomly assigned. This design is best classified as:",true experiment,case study,quasi-experiment,meta-analysis,3,Quasi-experiments involve manipulation without random assignment.,Medium,Industrial/Organizational Psychology,Exam 7,Exam 7
Which of the following is the best example of an independent variable in an I/O study?,Employees’ average sales after training,Level of job satisfaction reported by workers,Type of training method assigned to employees,Correlation between tenure and absenteeism,3,The independent variable is the factor manipulated by the researcher.,Medium,Industrial/Organizational Psychology,Exam 7,Exam 7
A company finds that a test yields highly similar scores when administered twice to the same applicants under similar conditions. This finding most directly supports the test’s:,utility,validity,reliability,fairness,3,Reliability refers to the consistency of measurement across time or conditions.,Medium,Industrial/Organizational Psychology,Exam 7,Exam 7
A personnel test predicts later job performance with reasonable accuracy. This is strongest evidence of:,face validity,criterion-related validity,internal consistency,response bias,2,Criterion-related validity reflects how well a test predicts relevant outcomes like job performance.,Medium,Industrial/Organizational Psychology,Exam 7,Exam 7
Which statement best captures the value of meta-analysis in I/O psychology?,It replaces the need for future primary research,It combines findings across multiple studies to estimate overall trends,It proves causation whenever correlations are significant,It is useful only for qualitative case reports,2,Meta-analysis integrates results from multiple studies to identify general patterns.,Medium,Industrial/Organizational Psychology,Exam 7,Exam 7
"A manufacturing firm wants to determine the essential tasks, duties, and worker requirements of a newly created position. The most appropriate first step is:",employee counseling,job analysis,performance appraisal,succession planning,2,Job analysis identifies duties and requirements of a job.,Medium,Industrial/Organizational Psychology,Exam 7,Exam 7
Which job analysis method focuses on identifying specific instances of particularly effective or ineffective job behavior?,Functional Job Analysis,Position Analysis Questionnaire,Critical Incidents Technique,Assessment center method,3,This method identifies key effective and ineffective behaviors.,Medium,Industrial/Organizational Psychology,Exam 7,Exam 7
Which statement is the best criticism of relying only on existing job descriptions when conducting job analysis?,They are always too costly to use,They may be outdated and fail to reflect actual work behavior,They automatically produce adverse impact,They cannot be compared across jobs,2,Job descriptions may not reflect current tasks or responsibilities.,Medium,Industrial/Organizational Psychology,Exam 7,Exam 7
"A company wants a highly structured, standardized job analysis instrument that can compare many jobs quantitatively. Which technique is most appropriate?",Position Analysis Questionnaire,Clinical interview,Grapevine analysis,Projective testing,1,The PAQ provides standardized quantitative job data.,Medium,Industrial/Organizational Psychology,Exam 7,Exam 7
"In employee selection, the primary purpose of recruitment is to:",identify the single best applicant immediately,attract a pool of qualified applicants,evaluate incumbent performance,establish salary grades,2,Recruitment focuses on generating applicants.,Medium,Industrial/Organizational Psychology,Exam 7,Exam 7
An organization gives applicants a realistic preview of both favorable and unfavorable job features before hiring. The most likely intended outcome is:,increase halo error,reduce turnover due to unmet expectations,eliminate the need for interviews,justify adverse impact statistically,2,Realistic job previews align expectations and reduce turnover.,Medium,Industrial/Organizational Psychology,Exam 7,Exam 7
Which interview approach generally has the strongest psychometric and legal defensibility?,Unstructured interview focused on rapport,Stress interview using intimidation,Structured interview based on job-relevant questions and anchored scoring,Informal interview conducted without note-taking,3,Structured interviews improve reliability and validity.,Medium,Industrial/Organizational Psychology,Exam 7,Exam 7
"A selection battery includes a cognitive ability test, structured interview, and work sample. The most defensible reason for combining these tools is that:",more predictors always eliminate legal concerns,multiple methods can improve prediction when each is job relevant,applicants prefer longer hiring procedures,personality should never be measured directly,2,Combining valid predictors increases overall selection accuracy.,Medium,Industrial/Organizational Psychology,Exam 7,Exam 7
Which of the following is the clearest example of biodata in selection?,A supervisor’s vague impression that an applicant seems mature,A narrative essay about career dreams,A structured record of an applicant’s previous experiences and life-history indicators relevant to performance,A projective interpretation of inkblots,3,Biodata uses systematically collected past behavior and experiences to predict future job performance.,Medium,Industrial/Organizational Psychology,Exam 7,Exam 7
A test is considered useful to an organization primarily when it:,is expensive enough to discourage marginal applicants,looks scientific to managers,improves decision quality enough to justify its costs,is difficult for most applicants to pass,3,Utility refers to the cost-benefit value of a selection method in improving hiring decisions.,Medium,Industrial/Organizational Psychology,Exam 7,Exam 7
An organization hires applicants strictly in descending order of test score until all vacancies are filled. This decision rule is best described as:,banding,random assignment,top-down selection,forced distribution,3,Top-down selection ranks applicants and hires from highest to lowest scores.,Medium,Industrial/Organizational Psychology,Exam 7,Exam 7
A supervisor rates an employee very highly on all dimensions because the employee is exceptionally punctual. This rating error is best labeled:,recency effect,halo effect,contrast effect,central tendency,2,The halo effect occurs when one positive trait influences ratings across multiple dimensions.,Medium,Industrial/Organizational Psychology,Exam 7,Exam 7
Which source of performance appraisal is especially useful when the goal is to assess leadership style and its effects on team members from multiple perspectives?,Self-rating only,Customer records only,360-degree feedback,Archival demographic data only,3,360-degree feedback gathers evaluations from multiple sources to provide a comprehensive assessment.,Medium,Industrial/Organizational Psychology,Exam 7,Exam 7
Which of the following best defines training in the workplace?,A long-term effort to improve overall employee growth,A short-term effort focused on improving specific job-related skills,A process of evaluating employee performance,A method of selecting applicants,2,Training is designed to improve immediate job-related knowledge and skills.,Medium,Industrial/Organizational Psychology,Exam 7,Exam 7
A training program is evaluated by measuring whether trainees learned the material presented. This corresponds to which level of evaluation?,Reaction,Learning,Behavior,Results,2,The learning level measures knowledge or skill acquisition during training.,Medium,Industrial/Organizational Psychology,Exam 7,Exam 7
Which of the following best describes transfer of training?,The ability to recall training content during exams,The extent to which training improves organizational profits,The application of learned skills and knowledge to the job,The initial motivation of trainees before training,3,Transfer of training refers to applying learned skills in actual work settings.,Medium,Industrial/Organizational Psychology,Exam 7,Exam 7
A company wants to determine whether training has improved actual job performance over time. Which evaluation level should be emphasized?,Reaction,Learning,Behavior,Attendance,3,The behavior level evaluates changes in job performance following training.,Medium,Industrial/Organizational Psychology,Exam 7,Exam 7
Which training method is most appropriate for teaching interpersonal and communication skills?,Lecture method,Vestibule training,Role playing,Programmed instruction,3,Role playing allows practice of interpersonal interactions in simulated settings.,Medium,Industrial/Organizational Psychology,Exam 7,Exam 7
Which leadership theory emphasizes that effective leadership depends on matching leadership style with situational demands?,Trait theory,Behavioral theory,Contingency theory,Path-goal theory,3,Contingency theories emphasize the fit between leadership style and situational variables.,Medium,Industrial/Organizational Psychology,Exam 7,Exam 7
"According to Fiedler’s contingency theory, leadership effectiveness depends primarily on:",the leader’s emotional intelligence,the match between leader style and situational favorableness,the leader’s ability to motivate through rewards,the leader’s charisma,2,Fiedler proposed that effectiveness depends on the alignment of leadership style with situational conditions.,Medium,Industrial/Organizational Psychology,Exam 7,Exam 7
Transformational leaders are best described as those who:,rely strictly on rewards and punishments,inspire and motivate followers toward a shared vision,avoid interpersonal interaction,focus only on task completion,2,Transformational leaders motivate followers by inspiring vision and change.,Medium,Industrial/Organizational Psychology,Exam 7,Exam 7
Which leadership style is characterized by decision-making authority being retained by the leader with minimal input from subordinates?,Democratic,Laissez-faire,Autocratic,Participative,3,Autocratic leaders make decisions independently with little subordinate input.,Medium,Industrial/Organizational Psychology,Exam 7,Exam 7
Job satisfaction is best defined as:,the physical conditions of the workplace,an employee’s emotional response to their job,the number of hours worked,the salary received,2,Job satisfaction refers to feelings or attitudes toward one’s job.,Medium,Industrial/Organizational Psychology,Exam 7,Exam 7
Which theory suggests that employees compare their input-output ratios with those of others to determine fairness?,Expectancy theory,Equity theory,Goal-setting theory,Reinforcement theory,2,Equity theory focuses on fairness through social comparison of inputs and outcomes.,Medium,Industrial/Organizational Psychology,Exam 7,Exam 7
"According to expectancy theory, motivation is influenced by:",fairness and justice perceptions,reinforcement schedules,"expectancy, instrumentality, and valence",unconscious drives,3,Expectancy theory explains motivation through belief in effort-performance-reward relationships.,Medium,Industrial/Organizational Psychology,Exam 7,Exam 7
Which of the following best describes intrinsic motivation?,Motivation driven by external rewards,Motivation driven by internal satisfaction and interest,Motivation based on punishment avoidance,Motivation based on peer pressure,2,Intrinsic motivation comes from enjoyment or interest in the task itself.,Medium,Industrial/Organizational Psychology,Exam 7,Exam 7
A company uses bonuses to increase productivity. This is an example of:,intrinsic motivation,negative reinforcement,extrinsic motivation,punishment,3,Bonuses are external rewards that drive behavior.,Medium,Industrial/Organizational Psychology,Exam 7,Exam 7
Organizational commitment refers to:,an employee’s intention to leave the organization,the emotional attachment and loyalty to the organization,the number of hours worked weekly,the level of job stress,2,Organizational commitment reflects an employee’s attachment to the organization.,Medium,Industrial/Organizational Psychology,Exam 7,Exam 7
Which type of commitment is based on perceived costs of leaving the organization?,Affective commitment,Normative commitment,Continuance commitment,Moral commitment,3,"Continuance commitment is based on the perceived costs associated with leaving the organization, such as loss of benefits or job security.",Medium,Industrial/Organizational Psychology,Exam 7,Exam 7
Organizational culture refers to:,the formal structure of an organization,"shared values, beliefs, and norms within an organization",the financial performance of a company,employee demographics,2,"Organizational culture consists of shared meanings, values, and norms that influence behavior within the organization.",Medium,Industrial/Organizational Psychology,Exam 7,Exam 7
Which communication flow occurs between employees at the same hierarchical level?,Vertical,Downward,Horizontal,Upward,3,Horizontal communication occurs between individuals at the same level in the organizational hierarchy.,Medium,Industrial/Organizational Psychology,Exam 7,Exam 7
The grapevine in organizations refers to:,formal communication channels,official memos,informal communication networks,performance reports,3,The grapevine refers to informal and unofficial channels of communication within an organization.,Medium,Industrial/Organizational Psychology,Exam 7,Exam 7
Which of the following is the best example of job enrichment?,Increasing salary,Adding more meaningful tasks and autonomy,Reducing workload,Increasing supervision,2,"Job enrichment increases motivation by enhancing responsibility, autonomy, and meaningfulness of work.",Medium,Industrial/Organizational Psychology,Exam 7,Exam 7
Job rotation involves:,assigning employees permanently to one job,moving employees between different jobs to broaden skills,increasing job specialization,eliminating job roles,2,Job rotation helps employees develop diverse skills and reduces monotony.,Medium,Industrial/Organizational Psychology,Exam 7,Exam 7
Burnout is most accurately described as:,physical injury due to work hazards,"emotional exhaustion, depersonalization, and reduced accomplishment",increased job satisfaction,improved work-life balance,2,"Burnout consists of emotional exhaustion, depersonalization, and reduced personal accomplishment.",Medium,Industrial/Organizational Psychology,Exam 7,Exam 7
Which factor is most strongly associated with reducing workplace stress?,Increased workload,Lack of control,Social support,Role ambiguity,3,Social support helps buffer the effects of stress and improves coping mechanisms.,Medium,Industrial/Organizational Psychology,Exam 7,Exam 7
Which of the following best describes organizational justice?,Equal salaries for all employees,Fairness in decision-making processes and outcomes,Strict enforcement of rules,High productivity levels,2,Organizational justice refers to employees’ perceptions of fairness in processes and outcomes.,Medium,Industrial/Organizational Psychology,Exam 7,Exam 7
Distributive justice refers to:,fairness of procedures,fairness of outcomes,fairness of communication,fairness of supervision,2,Distributive justice focuses on the perceived fairness of outcomes such as pay and rewards.,Medium,Industrial/Organizational Psychology,Exam 7,Exam 7
Procedural justice refers to:,fairness of outcomes received by employees,fairness of processes used to determine outcomes,fairness of interpersonal treatment by supervisors,fairness of communication flow in organizations,2,Procedural justice concerns the fairness of the methods and procedures used in decision-making.,Medium,Industrial/Organizational Psychology,Exam 7,Exam 7
Interactional justice primarily focuses on:,how rewards are distributed,how policies are written,the quality of interpersonal treatment during decision-making,the structure of the organization,3,Interactional justice involves respectful and dignified treatment in interactions.,Medium,Industrial/Organizational Psychology,Exam 7,Exam 7
Which of the following is the best example of a work team rather than a simple group?,Individuals working independently on separate tasks,Employees sharing a workspace but not goals,Individuals interdependently working toward a common goal,Workers competing for individual bonuses,3,Teams are defined by interdependence and shared goals.,Medium,Industrial/Organizational Psychology,Exam 7,Exam 7
Social loafing refers to:,increased productivity in groups,reduced individual effort when working in groups,conflict among team members,overdependence on leadership,2,Social loafing occurs when individuals exert less effort in group settings.,Medium,Industrial/Organizational Psychology,Exam 7,Exam 7
Which factor most effectively reduces social loafing?,Increasing group size,Reducing task visibility,Increasing individual accountability,Eliminating leadership,3,"Accountability ensures individual contributions are recognized, reducing loafing.",Medium,Industrial/Organizational Psychology,Exam 7,Exam 7
Groupthink is most likely to occur when:,group members are highly diverse,critical evaluation is discouraged,there is strong external competition,leadership is absent,2,Groupthink occurs when dissent is suppressed and critical thinking is minimized.,Medium,Industrial/Organizational Psychology,Exam 7,Exam 7
Which of the following best describes a cohesive group?,Members have low commitment,Members are loosely connected,Members are strongly attracted to the group and motivated to remain,Members avoid interaction,3,Cohesion reflects strong attraction and commitment to the group.,Medium,Industrial/Organizational Psychology,Exam 7,Exam 7
Conflict in organizations is best described as:,always harmful to productivity,a process where one party perceives that another is negatively affecting something important,limited only to interpersonal disagreements,always caused by poor leadership,2,Conflict arises when perceived interference affects important goals or interests.,Medium,Industrial/Organizational Psychology,Exam 7,Exam 7
Which type of conflict focuses on differences in viewpoints and ideas?,Relationship conflict,Task conflict,Process conflict,Value conflict,2,Task conflict involves disagreements about work-related ideas or content.,Medium,Industrial/Organizational Psychology,Exam 7,Exam 7
Which conflict management style involves high assertiveness and low cooperativeness?,Avoiding,Accommodating,Competing,Collaborating,3,The competing style prioritizes one’s own interests over others with high assertiveness and low cooperation.,Medium,Industrial/Organizational Psychology,Exam 7,Exam 7
Organizational development (OD) primarily focuses on:,reducing employee salaries,"planned, systematic change to improve effectiveness",hiring new employees only,increasing job specialization,2,Organizational development involves planned interventions to improve organizational effectiveness and employee well-being.,Medium,Industrial/Organizational Psychology,Exam 7,Exam 7
A company introduces team-building exercises to improve communication and trust. This is an example of:,downsizing,organizational development intervention,job evaluation,benchmarking,2,Team-building activities are OD interventions aimed at improving group processes and relationships.,Medium,Industrial/Organizational Psychology,Exam 7,Exam 7
Resistance to change is most likely when:,employees are involved in decision-making,communication is clear and transparent,employees perceive uncertainty or threat,training is provided,3,Resistance arises when employees feel insecure or threatened by organizational changes.,Medium,Industrial/Organizational Psychology,Exam 7,Exam 7
Which strategy is most effective in reducing resistance to organizational change?,Ignoring employee concerns,Forcing immediate compliance,Encouraging participation and open communication,Withholding information,3,Participation increases acceptance and reduces resistance to change.,Medium,Industrial/Organizational Psychology,Exam 7,Exam 7
Downsizing refers to:,increasing the workforce,reducing the number of employees,expanding job roles,increasing employee benefits,2,Downsizing is the reduction of workforce size to cut costs or improve efficiency.,Medium,Industrial/Organizational Psychology,Exam 7,Exam 7
Which of the following is a major risk of downsizing?,Increased morale,Loss of skilled employees,Improved job security,Reduced workload,2,Downsizing can result in losing valuable and experienced workers.,Medium,Industrial/Organizational Psychology,Exam 7,Exam 7
Work-life balance programs are primarily intended to:,increase employee workload,reduce salaries,help employees manage work and personal responsibilities,eliminate job roles,3,These programs aim to support employees in balancing professional and personal life.,Medium,Industrial/Organizational Psychology,Exam 7,Exam 7
Telecommuting is best described as:,working exclusively in the office,working remotely using technology,working overtime,job rotation,2,Telecommuting allows employees to work outside the office through digital tools.,Medium,Industrial/Organizational Psychology,Exam 7,Exam 7
Which of the following is an advantage of telecommuting?,Increased supervision,Reduced flexibility,Improved work-life balance,Increased commuting time,3,Telecommuting reduces commuting and increases flexibility for employees.,Medium,Industrial/Organizational Psychology,Exam 7,Exam 7
A test administrator shares confidential test results with unauthorized individuals. This action most directly violates:,test validity,confidentiality and ethical standards,reliability,job analysis principles,2,Ethical standards require safeguarding test results and client confidentiality.,Medium,Industrial/Organizational Psychology,Exam 7,Exam 7
"Under RA 10029, who is legally allowed to independently practice psychology?",Any college graduate,Only licensed psychologists,Human resource managers,Guidance counselors without licensure,2,RA 10029 mandates licensure for independent psychological practice.,Medium,Industrial/Organizational Psychology,Exam 7,Exam 7
Which of the following is within the scope of practice of a licensed psychometrician under supervision?,Independent psychotherapy,Test administration and scoring,Diagnosing mental disorders independently,Prescribing medication,2,Psychometricians are allowed to administer and score tests under supervision.,Medium,Industrial/Organizational Psychology,Exam 7,Exam 7
A psychometrician administers a test without proper supervision when required. This violates which principle?,Autonomy,Competence and legal compliance,Beneficence,Justice,2,Practicing without required supervision violates ethical and legal standards.,Medium,Industrial/Organizational Psychology,Exam 7,Exam 7
Informed consent in psychological assessment requires that:,clients must always agree to all procedures,"clients are fully informed about the purpose, procedures, and risks",tests must be administered secretly,results must be withheld,2,Informed consent requires disclosure and voluntary agreement.,Medium,Industrial/Organizational Psychology,Exam 7,Exam 7
Which ethical principle is most directly related to maintaining professional boundaries and avoiding conflicts of interest?,Fidelity and responsibility,Integrity,Justice,Respect for persons,1,"This principle emphasizes trust, responsibility, and avoidance of conflicts of interest.",Medium,Industrial/Organizational Psychology,Exam 7,Exam 7
Which of the following best illustrates a conflict of interest in professional practice?,Administering a standardized test to a client,Providing services to a close family member,Attending a professional development seminar,Using validated assessment tools,2,Dual relationships create conflicts of interest and impair objectivity.,Medium,Industrial/Organizational Psychology,Exam 7,Exam 7
Which ethical principle emphasizes honesty and accuracy in psychological practice?,Integrity,Beneficence,Justice,Confidentiality,1,"Integrity involves honesty, accuracy, and truthfulness in professional work.",Medium,Industrial/Organizational Psychology,Exam 7,Exam 7
Which of the following best reflects competence in psychological practice?,Providing services beyond one’s training,Refusing to update professional knowledge,Practicing within the boundaries of one’s education and training,Delegating all responsibilities to others,3,Competence requires practicing within one's qualifications and training.,Medium,Industrial/Organizational Psychology,Exam 7,Exam 7
"Under RA 10029, supervision of a psychometrician is primarily required to:",increase workload,ensure legal and ethical practice,reduce costs,eliminate training needs,2,Supervision ensures compliance with professional and legal standards.,Medium,Industrial/Organizational Psychology,Exam 7,Exam 7
A psychologist releases test results only to authorized individuals and protects client identity. This demonstrates:,beneficence,confidentiality,autonomy,competence,2,Confidentiality requires protecting client information from unauthorized disclosure.,Medium,Industrial/Organizational Psychology,Exam 7,Exam 7
Which of the following is the best example of adverse impact?,A test that predicts job performance,A selection procedure that disproportionately excludes a protected group,A training program with low participation,A performance appraisal with high ratings,2,Adverse impact occurs when selection procedures unfairly exclude certain groups.,Medium,Industrial/Organizational Psychology,Exam 7,Exam 7
Which strategy is most appropriate for reducing adverse impact in selection?,Using only one predictor,Ignoring test results,"Using valid, job-related selection tools",Hiring randomly,3,Job-related valid tools reduce discrimination and improve fairness.,Medium,Industrial/Organizational Psychology,Exam 7,Exam 7
A company evaluates jobs to determine their relative worth for compensation purposes. This process is called:,job analysis,job evaluation,job rotation,job enrichment,2,Job evaluation determines relative value of jobs for pay decisions.,Medium,Industrial/Organizational Psychology,Exam 7,Exam 7
Which compensation system rewards employees based on performance outcomes?,Seniority pay,Merit pay,Fixed salary,Job classification,2,Merit pay is directly tied to performance outcomes.,Medium,Industrial/Organizational Psychology,Exam 7,Exam 7
Which of the following is a non-financial reward?,Bonus,Commission,Recognition,Overtime pay,3,Recognition is a non-monetary form of reward.,Medium,Industrial/Organizational Psychology,Exam 7,Exam 7
Which theory suggests that specific and challenging goals lead to higher performance?,Equity theory,Goal-setting theory,Expectancy theory,Reinforcement theory,2,Goal-setting theory states that specific and difficult goals improve performance.,Medium,Industrial/Organizational Psychology,Exam 7,Exam 7
"According to goal-setting theory, feedback is important because it:",reduces motivation,provides information about progress toward goals,replaces goal difficulty,eliminates the need for rewards,2,Feedback helps individuals monitor and adjust efforts toward goal achievement.,Medium,Industrial/Organizational Psychology,Exam 7,Exam 7
Which reinforcement schedule is most resistant to extinction?,Fixed ratio,Fixed interval,Variable ratio,Continuous reinforcement,3,Variable ratio schedules produce high and steady response rates resistant to extinction.,Medium,Industrial/Organizational Psychology,Exam 7,Exam 7
Which of the following best defines organizational citizenship behavior (OCB)?,Formal job requirements,Extra-role behaviors that contribute to organizational effectiveness,Absenteeism,Job dissatisfaction,2,OCB refers to voluntary behaviors beyond formal job duties.,Medium,Industrial/Organizational Psychology,Exam 7,Exam 7
Which of the following is an example of OCB?,Arriving late to work,Helping a coworker with tasks voluntarily,Ignoring organizational policies,Complaining frequently,2,Helping coworkers voluntarily is a classic example of OCB.,Medium,Industrial/Organizational Psychology,Exam 7,Exam 7
Which personality trait from the Big Five is most strongly associated with job performance across many occupations?,Openness,Conscientiousness,Extraversion,Neuroticism,2,Conscientiousness is consistently the strongest predictor of job performance.,Medium,Industrial/Organizational Psychology,Exam 7,Exam 7
Which of the following best describes emotional intelligence?,Ability to solve mathematical problems,Ability to understand and manage emotions,Ability to memorize information,Ability to perform physical tasks,2,Emotional intelligence involves recognizing and regulating emotions.,Medium,Industrial/Organizational Psychology,Exam 7,Exam 7
A person who is highly self-aware and regulates emotions effectively is demonstrating:,low emotional intelligence,high emotional intelligence,low cognitive ability,high neuroticism,2,Self-awareness and regulation are core components of emotional intelligence.,Medium,Industrial/Organizational Psychology,Exam 7,Exam 7
Which of the following best describes job involvement?,Emotional attachment to the organization,Degree to which a person identifies psychologically with their job,Number of hours worked,Level of salary,2,Job involvement reflects psychological identification with one’s job.,Medium,Industrial/Organizational Psychology,Exam 7,Exam 7
Absenteeism is best defined as:,working overtime,being physically present but disengaged,failure to report for work as scheduled,voluntary extra-role behavior,3,Absenteeism refers to not showing up for scheduled work.,Medium,Industrial/Organizational Psychology,Exam 7,Exam 7
Turnover refers to:,employee satisfaction,employees leaving the organization,promotion rates,job performance,2,Turnover is the rate at which employees leave the organization.,Medium,Industrial/Organizational Psychology,Exam 7,Exam 7
Which type of turnover occurs when high-performing employees leave the organization?,Functional turnover,Dysfunctional turnover,Voluntary turnover,Involuntary turnover,2,Losing high performers is harmful and considered dysfunctional turnover.,Medium,Industrial/Organizational Psychology,Exam 7,Exam 7
Which of the following best describes workplace diversity?,Similarity among employees,"Differences among employees in characteristics such as age, gender, and culture",Uniformity in job roles,Equal salaries only,2,Diversity refers to differences among individuals in the workplace.,Medium,Industrial/Organizational Psychology,Exam 7,Exam 7
Diversity management aims to:,eliminate differences among employees,promote inclusion and maximize benefits of diversity,reduce workforce size,standardize all behaviors,2,Diversity management focuses on inclusion and leveraging differences.,Medium,Industrial/Organizational Psychology,Exam 7,Exam 7
Which of the following is the most appropriate goal of occupational safety programs?,Increase workload,Reduce accidents and promote employee well-being,Eliminate employee autonomy,Increase turnover,2,Occupational safety programs aim to protect employees and enhance well-being.,Medium,Industrial/Organizational Psychology,Exam 7,Exam 7
Which statement best describes the primary focus of industrial/organizational psychology?,It studies abnormal behavior in work settings for treatment purposes,It applies psychological principles to understand and improve behavior in work settings,It focuses mainly on macroeconomic trends affecting business,It is limited to employee counseling and psychotherapy,2,"I/O psychology focuses on behavior in work settings and on applying psychological principles to improve employee performance, well-being, and organizational functioning.",Medium,Industrial/Organizational Psychology,Exam 8,Exam 8
An I/O psychologist is asked to redesign a hiring system so that it predicts future job success and minimizes unfair discrimination. This task falls primarily under which area?,Human factors,Personnel psychology,Clinical psychology,Consumer psychology,2,"Personnel psychology deals with staffing functions such as recruitment, selection, placement, validation, and fairness of hiring systems.",Medium,Industrial/Organizational Psychology,Exam 8,Exam 8
Which early contributor is most strongly associated with scientific management and time-and-motion studies?,Elton Mayo,Hugo Münsterberg,Frederick W. Taylor,Kurt Lewin,3,Taylor is associated with scientific management and time-and-motion studies designed to improve work efficiency.,Medium,Industrial/Organizational Psychology,Exam 8,Exam 8
The Hawthorne studies are historically important because they highlighted the role of:,Genetic influences on work behavior,Social and psychological factors in employee productivity,Intelligence as the sole basis of job performance,Punishment as the best motivator of employees,2,"The Hawthorne studies emphasized that worker productivity is affected by attention, interpersonal relations, and psychological factors, not only physical working conditions.",Medium,Industrial/Organizational Psychology,Exam 8,Exam 8
"In the scientist-practitioner model, I/O psychologists are expected to:",Prefer intuition over data when working with organizations,Conduct research only and avoid applied work,Apply research evidence to practice while allowing practice to inform research,Focus exclusively on therapy-related interventions,3,The scientist-practitioner model requires I/O psychologists to use empirical evidence in applied settings and to let workplace problems guide further research.,Medium,Industrial/Organizational Psychology,Exam 8,Exam 8
Which research design provides the strongest basis for inferring causality?,Correlational design,Case study,Experimental design,Archival design,3,"Experimental designs manipulate an independent variable and control extraneous influences, giving the strongest basis for causal inference.",Medium,Industrial/Organizational Psychology,Exam 8,Exam 8
A researcher finds that employees with higher job satisfaction also report lower turnover intentions. Which conclusion is most justified?,Job satisfaction definitely causes lower turnover intentions,Turnover intentions definitely cause job satisfaction,"The two variables are associated, but causation cannot be established from correlation alone",The finding is meaningless unless an experiment is used,3,"A correlational result shows relationship, but direction of influence and third variables remain uncertain.",Medium,Industrial/Organizational Psychology,Exam 8,Exam 8
Which of the following best illustrates reliability?,A selection test predicts job performance accurately,A performance rating form measures all relevant job tasks,An interview yields consistent scores across different trained interviewers,A survey looks professional and appears job related,3,"Reliability concerns consistency. If different trained interviewers score similarly, interrater reliability is demonstrated.",Medium,Industrial/Organizational Psychology,Exam 8,Exam 8
A measure has high validity if it:,Produces similar scores over repeated administrations,Measures what it is intended to measure,Contains many items,Is easy to administer,2,Validity refers to the accuracy and appropriateness of inferences made from a measure.,Medium,Industrial/Organizational Psychology,Exam 8,Exam 8
Meta-analysis is most useful because it:,Eliminates the need for future research,Combines findings across studies to estimate overall trends,Guarantees causal conclusions,Replaces job analysis in personnel decisions,2,Meta-analysis statistically integrates results from multiple studies to estimate the overall strength and direction of relationships.,Medium,Industrial/Organizational Psychology,Exam 8,Exam 8
Which of the following is the best example of a job analysis activity?,Comparing company profits across five years,"Identifying the tasks, duties, and KSAOs required for a job",Measuring employee satisfaction with benefits,Estimating the organization’s market share,2,Job analysis systematically identifies what a job involves and what human attributes are needed to perform it.,Medium,Industrial/Organizational Psychology,Exam 8,Exam 8
"A supervisor says, “I need to know not only what the employee does, but also what knowledge, skills, abilities, and other characteristics are required.” This request is for:",Job enrichment,Job analysis,Organizational development,Criterion contamination,2,"The supervisor is asking for both job content and worker requirements, which are central outputs of job analysis.",Medium,Industrial/Organizational Psychology,Exam 8,Exam 8
Which method is most likely to provide rich qualitative information about particularly effective and ineffective job behaviors?,Critical incidents technique,Random assignment,Test-retest procedure,Utility analysis,1,The critical incidents technique gathers examples of especially effective and ineffective job behaviors to understand performance requirements.,Medium,Industrial/Organizational Psychology,Exam 8,Exam 8
A written statement describing the duties and responsibilities of a job is called a:,Job specification,Job description,Performance standard,Validation report,2,"A job description outlines duties, responsibilities, and major tasks of a position.",Medium,Industrial/Organizational Psychology,Exam 8,Exam 8
A statement describing the human characteristics needed to perform a job is called a:,Job specification,Job description,Criterion measure,Job rotation plan,1,"A job specification states the knowledge, skills, abilities, and other characteristics required for effective performance.",Medium,Industrial/Organizational Psychology,Exam 8,Exam 8
The main purpose of recruitment is to:,Eliminate all but three candidates,Attract a pool of qualified applicants,Train applicants prior to screening,Replace performance appraisal,2,Recruitment aims to generate interest and attract candidates who are potentially qualified for the job.,Medium,Industrial/Organizational Psychology,Exam 8,Exam 8
Which interview format generally has the strongest evidence of effectiveness and fairness?,Unstructured interview,Stress interview,Structured interview,Group interview with no scoring guide,3,"Structured interviews use standardized questions and scoring rules, increasing reliability, validity, and fairness.",Medium,Industrial/Organizational Psychology,Exam 8,Exam 8
A structured interview is generally superior to an unstructured interview because it:,Avoids all legal risk,Uses standardized questions and scoring procedures,Focuses only on personality,Prevents applicants from impression management,2,Standardization improves comparability across applicants and reduces irrelevant variance.,Medium,Industrial/Organizational Psychology,Exam 8,Exam 8
Which selection procedure requires candidates to demonstrate how they would actually perform important parts of the job?,Biodata inventory,Work sample test,Interest inventory,Reference check,2,"Work sample tests require applicants to perform tasks similar to actual job tasks, making them highly job relevant.",Medium,Industrial/Organizational Psychology,Exam 8,Exam 8
An assessment center is most accurately described as:,A clinic for employees with work stress,A single paper-and-pencil cognitive test,A standardized process using multiple exercises to assess candidates,A method for evaluating organizational climate only,3,"Assessment centers use multiple simulations, trained assessors, and standardized exercises to evaluate managerial or other competencies.",Medium,Industrial/Organizational Psychology,Exam 8,Exam 8
Which statement about cognitive ability tests is most accurate?,They are never valid predictors of job performance,"They often predict performance well, especially in complex jobs",They are useful only for clerical positions,They should replace all other selection methods in every situation,2,"Cognitive ability tests are among the strongest predictors of job performance, particularly where job complexity is high.",Medium,Industrial/Organizational Psychology,Exam 8,Exam 8
Integrity tests are primarily intended to assess:,Physical stamina,Risk for counterproductive tendencies such as dishonesty,Interpersonal attraction,Reading comprehension only,2,"Integrity tests are intended to assess honesty, dependability, and risk for counterproductive behaviors.",Medium,Industrial/Organizational Psychology,Exam 8,Exam 8
"Which concept refers to the consistency of measurement across time, raters, or items?",Validity,Reliability,Utility,Fairness,2,"Consistency across occasions, raters, or items is the defining feature of reliability.",Medium,Industrial/Organizational Psychology,Exam 8,Exam 8
Criterion-related validity is demonstrated when:,Test content appears relevant to applicants,Test scores are associated with job performance,A test has many items,A procedure is inexpensive to use,2,Criterion-related validity is shown when test scores relate meaningfully to relevant performance outcomes.,Medium,Industrial/Organizational Psychology,Exam 8,Exam 8
"A company uses a cutoff score on a job knowledge test. Applicants below the score are screened out, while those above continue to the next stage. This illustrates:",Banding,Multiple hurdle selection,Halo error,Job enlargement,2,"In a multiple hurdle model, candidates must pass one stage before moving to the next.",Medium,Industrial/Organizational Psychology,Exam 8,Exam 8
The four-fifths rule is most directly used as a guideline for detecting:,Criterion deficiency,Adverse impact,Test-retest reliability,Internal consistency,2,The four-fifths rule is a practical guideline for detecting potential adverse impact across groups in selection outcomes.,Medium,Industrial/Organizational Psychology,Exam 8,Exam 8
Which of the following would be the best defense of a selection procedure that shows adverse impact?,It is inexpensive,Managers prefer it,It is job related and valid,It has been used for many years,3,"When adverse impact appears, the strongest defense is evidence that the procedure is job related and supported by validity evidence.",Medium,Industrial/Organizational Psychology,Exam 8,Exam 8
"In employee selection, a bona fide occupational qualification is best understood as:",Any preference held by top management,A qualification reasonably necessary to the normal operation of the business,A trait that improves morale,A general preference for experienced applicants,2,A BFOQ is a narrow exception allowing certain job requirements when they are genuinely necessary for business operation.,Medium,Industrial/Organizational Psychology,Exam 8,Exam 8
Which of the following is the best example of criterion contamination?,A performance measure includes factors unrelated to actual job performance,A test score predicts performance poorly,A job analysis omits a minor task,A sample is too large,1,"Criterion contamination occurs when the performance measure includes irrelevant influences, such as favoritism or external conditions.",Medium,Industrial/Organizational Psychology,Exam 8,Exam 8
Which source of performance ratings is often in the best position to observe day-to-day task performance of subordinates?,Supervisors,Customers,Vendors,External auditors only,1,Supervisors usually observe subordinates’ daily task behavior and are commonly used as performance raters.,Medium,Industrial/Organizational Psychology,Exam 8,Exam 8
A manager gives one employee high ratings on all dimensions because the employee is exceptionally punctual. This is an example of:,Recency effect,Halo error,Leniency error,Central tendency,2,The halo error occurs when one favorable characteristic influences ratings on unrelated dimensions.,Medium,Industrial/Organizational Psychology,Exam 8,Exam 8
Which appraisal method compares employees directly with one another?,Graphic rating scale,Forced distribution,Behaviorally anchored rating scale,Critical incident log,2,Forced distribution is a comparative method because employees are rated relative to one another within categories.,Medium,Industrial/Organizational Psychology,Exam 8,Exam 8
Behaviorally anchored rating scales are designed to improve appraisals by:,Eliminating the need for job analysis,Anchoring scale points with specific behavioral examples,Using only objective production data,Measuring only personality traits,2,BARS improves clarity by describing observable behaviors associated with each scale level.,Medium,Industrial/Organizational Psychology,Exam 8,Exam 8
A supervisor bases an appraisal mainly on the employee’s most recent week of performance. This is:,Recency effect,Contrast effect,Similar-to-me bias,Restriction of range,1,The recency effect occurs when recent behavior disproportionately affects a rating.,Medium,Industrial/Organizational Psychology,Exam 8,Exam 8
One major legal safeguard in performance appraisal is to ensure that:,Only top managers rate performance,Ratings are based on job-relevant dimensions and documented evidence,Employees are never informed of results,Appraisals are conducted informally,2,"Legally defensible appraisal systems rely on job-related criteria, trained raters, documentation, and fair procedures.",Medium,Industrial/Organizational Psychology,Exam 8,Exam 8
The first step in designing an effective training program is usually to:,Buy training software,Conduct a needs assessment,Schedule posttests,Reward trainees for attending,2,"Training should begin by identifying what organizational, task, and person needs actually exist.",Medium,Industrial/Organizational Psychology,Exam 8,Exam 8
Which type of needs analysis focuses on determining whether a particular employee lacks the KSAs required for effective performance?,Organizational analysis,Person analysis,Task analysis,Utility analysis,2,Person analysis determines who needs training and what deficiencies exist at the employee level.,Medium,Industrial/Organizational Psychology,Exam 8,Exam 8
Training objectives should ideally be:,"Broad, vague, and flexible",Limited to trainer preferences,Specific and measurable,Based solely on employee requests,3,Training objectives should state clearly what trainees will be able to do and how success will be assessed.,Medium,Industrial/Organizational Psychology,Exam 8,Exam 8
Role-playing is most appropriate when the goal is to improve:,Psychomotor precision in assembly work only,Interpersonal and communication skills,Reading ability,Raw cognitive capacity,2,"Role-play is especially useful for practicing social interaction, customer service, counseling, and supervisory behaviors.",Medium,Industrial/Organizational Psychology,Exam 8,Exam 8
Transfer of training is most likely when:,Supervisors discourage use of new skills,The training context resembles the job context and opportunities to apply learning are provided,Training is entertaining but unrelated to work,Attendance is voluntary and untracked,2,Transfer improves when trainees practice realistic tasks and receive opportunities and support to use new skills on the job.,Medium,Industrial/Organizational Psychology,Exam 8,Exam 8
Which evaluation criterion focuses on whether trainees actually learned the material presented?,Reaction,Learning,Behavior,Results,2,"Learning criteria assess whether knowledge, skills, or attitudes actually changed during training.",Medium,Industrial/Organizational Psychology,Exam 8,Exam 8
"A company finds that trainees enjoyed the seminar, but their job behavior did not change afterward. Which conclusion is most accurate?",Training was fully effective,Positive reactions do not necessarily mean transfer occurred,Learning automatically occurred,The seminar should be repeated without evaluation,2,Enjoying training does not prove learning or behavior change; multiple evaluation levels are needed.,Medium,Industrial/Organizational Psychology,Exam 8,Exam 8
"In reinforcement theory, a behavior is more likely to be repeated when it is followed by:",Punishment only,Reinforcement,Extinction,Role ambiguity,2,Reinforcement increases the likelihood that a behavior will recur.,Medium,Industrial/Organizational Psychology,Exam 8,Exam 8
"According to expectancy theory, motivation is strongest when employees believe that effort will lead to performance, performance will lead to outcomes, and those outcomes are:",Equally distributed regardless of contribution,Intrinsically and/or extrinsically valued,Delayed indefinitely,Controlled only by coworkers,2,"Expectancy theory states that motivation depends on expectancy, instrumentality, and valence; outcomes must matter to the employee.",Medium,Industrial/Organizational Psychology,Exam 8,Exam 8
Equity theory focuses primarily on employees’ perceptions of:,Trait leadership,Fairness in input-outcome ratios,Communication noise,Groupthink,2,Equity theory centers on whether employees feel their contributions and rewards are fair relative to others.,Medium,Industrial/Organizational Psychology,Exam 8,Exam 8
Herzberg’s two-factor theory distinguishes between motivators and:,Needs,Hygiene factors,Reinforcers,Values,2,"Herzberg proposed that motivators create satisfaction, whereas hygiene factors prevent dissatisfaction.",Medium,Industrial/Organizational Psychology,Exam 8,Exam 8
Which of the following is most consistent with the job characteristics model?,Jobs should be simplified as much as possible to minimize thinking,"Core job dimensions influence meaningfulness, responsibility, and knowledge of results",Motivation depends only on pay,Individual differences are irrelevant,2,"The job characteristics model proposes that dimensions such as skill variety, task identity, task significance, autonomy, and feedback affect critical psychological states.",Medium,Industrial/Organizational Psychology,Exam 8,Exam 8
"McClelland’s theory emphasizes needs for achievement, power, and:",Equity,Affiliation,Security,Autonomy,2,"McClelland emphasized needs for achievement, power, and affiliation.",Medium,Industrial/Organizational Psychology,Exam 8,Exam 8
A sales manager sets a challenging but attainable quarterly target with clear feedback checkpoints. This most directly reflects:,Goal-setting theory,Classical conditioning,Equity theory,Trait theory of leadership,1,"Goal-setting theory stresses specific, challenging goals and feedback as drivers of performance.",Medium,Industrial/Organizational Psychology,Exam 8,Exam 8
Which statement best reflects self-determination theory?,External rewards always increase intrinsic motivation,"Motivation is enhanced when autonomy, competence, and relatedness are supported",Workers are motivated only by lower-order needs,Employees should not participate in decisions,2,Self-determination theory proposes that these three psychological needs are central for high-quality motivation.,Medium,Industrial/Organizational Psychology,Exam 8,Exam 8
Job satisfaction refers to:,Emotional exhaustion from chronic job stress,Positive and negative attitudes toward one’s job,Motivation to seek promotion only,Formal loyalty to one’s union,2,Job satisfaction is an evaluative attitude reflecting how positively or negatively a person feels about the job.,Medium,Industrial/Organizational Psychology,Exam 8,Exam 8
Organizational commitment refers most directly to:,An employee’s attachment to and identification with the organization,Daily fluctuations in mood,Strict compliance with rules only,Satisfaction with pay alone,1,Organizational commitment reflects psychological attachment and willingness to remain with the organization.,Medium,Industrial/Organizational Psychology,Exam 8,Exam 8
Which outcome is most commonly associated with low job satisfaction?,Increased organizational citizenship behavior,Lower absenteeism,Greater turnover intentions,Higher group cohesion,3,Dissatisfied employees are more likely to think about quitting and to show withdrawal tendencies.,Medium,Industrial/Organizational Psychology,Exam 8,Exam 8
Organizational citizenship behavior is best defined as:,Required job behavior listed in the job description,Voluntary behavior that supports the social and psychological environment of the organization,Behavior enforced by formal sanctions,A form of counterproductive work behavior,2,OCB includes discretionary helping and constructive behaviors not strictly required by the formal job description.,Medium,Industrial/Organizational Psychology,Exam 8,Exam 8
"A company redesigns jobs, improves supervisor support, and offers flexible schedules to improve morale. These interventions are most directly aimed at increasing:",Job stress only,Engagement and positive work attitudes,Adverse impact,Role ambiguity,2,"Job redesign, supportive supervision, and flexibility are common ways to improve engagement, satisfaction, and commitment.",Medium,Industrial/Organizational Psychology,Exam 8,Exam 8
Which is the best example of absenteeism as an employee attitude outcome?,An employee stays late to help a coworker,An employee repeatedly fails to report for scheduled work,An employee requests training,An employee applies for promotion,2,"Absenteeism refers to failure to attend work as scheduled, often linked to dissatisfaction, stress, or other factors.",Medium,Industrial/Organizational Psychology,Exam 8,Exam 8
Burnout is most closely associated with:,High intrinsic motivation and low fatigue,"Emotional exhaustion, depersonalization, and reduced accomplishment",Increased organizational commitment,High levels of role clarity,2,These are the classic dimensions of burnout.,Medium,Industrial/Organizational Psychology,Exam 8,Exam 8
Which of the following is a work role stressor?,Role ambiguity,Balanced workload,Valid performance feedback,Social support,1,"Role ambiguity occurs when job expectations are unclear, making it a classic role stressor.",Medium,Industrial/Organizational Psychology,Exam 8,Exam 8
A worker experiences strain because job demands exceed the worker’s abilities and resources. This is most consistent with poor:,Goal specificity,Person-environment fit,Criterion validity,Leader-member exchange,2,Poor fit occurs when employee characteristics do not align well with job demands or organizational conditions.,Medium,Industrial/Organizational Psychology,Exam 8,Exam 8
Which of the following is the best example of an organizational coping strategy for stress?,Teaching employees deep breathing only,Redesigning jobs to reduce overload and clarify roles,Advising employees to ignore conflict,Encouraging longer unpaid overtime,2,Organizational coping strategies target the work environment itself rather than only teaching individuals to adapt.,Medium,Industrial/Organizational Psychology,Exam 8,Exam 8
Counterproductive work behavior includes:,Voluntary helping behavior,"Theft, sabotage, and intentional withdrawal",Task proficiency,Constructive voice behavior only,2,These are classic counterproductive work behaviors because they harm the organization or its members.,Medium,Industrial/Organizational Psychology,Exam 8,Exam 8
Workplace bullying is best understood as:,Any isolated disagreement between peers,Repeated mistreatment that harms a target psychologically or socially,Legitimate performance coaching,A type of organizational citizenship behavior,2,"Bullying is typically repeated, harmful, and power-imbalanced mistreatment rather than a one-time disagreement.",Medium,Industrial/Organizational Psychology,Exam 8,Exam 8
"In the communication process, “noise” refers to:",Formal downward communication only,Factors that distort or interfere with the message,Nonverbal communication,Upward feedback,2,"Noise includes any physical, semantic, or psychological interference in communication.",Medium,Industrial/Organizational Psychology,Exam 8,Exam 8
Which pattern of communication occurs when information flows from subordinates to superiors?,Lateral communication,Downward communication,Upward communication,Grapevine communication only,3,Information moving from lower to higher levels in the hierarchy is upward communication.,Medium,Industrial/Organizational Psychology,Exam 8,Exam 8
The grapevine in organizations refers to:,A formal chain of command,Informal communication network,A written employee handbook,A performance appraisal form,2,The grapevine refers to unofficial channels through which information spreads informally.,Medium,Industrial/Organizational Psychology,Exam 8,Exam 8
Which of the following most likely improves communication accuracy?,Using jargon unknown to the audience,Encouraging feedback and checking understanding,Sending longer messages regardless of clarity,Avoiding nonverbal cues completely,2,Feedback reduces misinterpretation by confirming whether the intended message was received accurately.,Medium,Industrial/Organizational Psychology,Exam 8,Exam 8
A team whose members suppress dissent to maintain harmony is at greatest risk for:,Social facilitation,Groupthink,Role ambiguity,Equity sensitivity,2,Groupthink occurs when the desire for unanimity suppresses critical evaluation and dissent.,Medium,Industrial/Organizational Psychology,Exam 8,Exam 8
Group cohesiveness is generally defined as:,The degree to which group members are attracted to and motivated to remain in the group,The number of members in a team,The formal power held by the leader,The amount of conflict between groups,1,This is the standard meaning of cohesiveness.,Medium,Industrial/Organizational Psychology,Exam 8,Exam 8
Norms in work groups are:,Formal job descriptions,Shared expectations about appropriate behavior,Pay policies,Psychological tests,2,Norms are informal rules about what members should and should not do.,Medium,Industrial/Organizational Psychology,Exam 8,Exam 8
A self-managed work team would most likely be characterized by:,Exclusive dependence on external supervisors for every decision,Greater autonomy in regulating day-to-day work activities,Total absence of norms,Lack of accountability for outcomes,2,Self-managed teams typically have substantial responsibility for planning and controlling their own work.,Medium,Industrial/Organizational Psychology,Exam 8,Exam 8
Which conflict style is high in both assertiveness and cooperativeness?,Avoiding,Competing,Collaborating,Accommodating,3,"Collaborating seeks solutions satisfying both self and others, making it high in assertiveness and cooperativeness.",Medium,Industrial/Organizational Psychology,Exam 8,Exam 8
A leader whose effectiveness depends on the match between leadership style and situational favorability is most consistent with:,Trait theory,Fiedler’s contingency model,Great man theory,Equity theory,2,Fiedler argued that leader effectiveness depends on the fit between style and situational favorability.,Medium,Industrial/Organizational Psychology,Exam 8,Exam 8
The Ohio State studies identified two broad categories of leader behavior:,Intelligence and charisma,Consideration and initiating structure,Power and politics,Equity and expectancy,2,The Ohio State studies identified relationship-oriented and task-oriented leader behaviors.,Medium,Industrial/Organizational Psychology,Exam 8,Exam 8
Transformational leaders are most likely to:,Focus only on enforcing compliance,Inspire followers toward higher-order goals and change,Avoid all use of vision,Rely solely on punishment,2,"Transformational leaders elevate motivation through vision, inspiration, and meaningful change.",Medium,Industrial/Organizational Psychology,Exam 8,Exam 8
Leader-member exchange theory emphasizes:,One best leadership style for all followers,The quality of dyadic relationships between leader and each subordinate,Leadership as a stable personality trait only,The irrelevance of trust,2,LMX theory emphasizes that leaders form different quality relationships with different subordinates.,Medium,Industrial/Organizational Psychology,Exam 8,Exam 8
Which source of power is based on formal position and authority?,Referent power,Expert power,Legitimate power,Reward power,3,Legitimate power stems from formal authority associated with a role or position.,Medium,Industrial/Organizational Psychology,Exam 8,Exam 8
Which source of power comes from possessing valued knowledge or skill?,Coercive power,Expert power,Legitimate power,Referent power,2,"Expert power derives from specialized knowledge, skill, or competence.",Medium,Industrial/Organizational Psychology,Exam 8,Exam 8
Organizational politics refers to:,Government regulation of businesses,Self-serving behavior intended to influence others for personal advantage,Formal policy manuals,Ethical leadership only,2,Organizational politics involves informal influence attempts often aimed at personal rather than organizational goals.,Medium,Industrial/Organizational Psychology,Exam 8,Exam 8
Employees’ perceptions of organizational politics are most likely to increase when:,Rules are transparent and rewards are clearly tied to performance,Resources are scarce and decision processes are ambiguous,Supervisors communicate openly,Role expectations are clear,2,Politics thrives when valued outcomes are limited and rules are unclear.,Medium,Industrial/Organizational Psychology,Exam 8,Exam 8
Span of control refers to:,The number of goals assigned to one employee,The number of subordinates directly supervised by one manager,The degree of job satisfaction in a department,The amount of informal communication in a team,2,Span of control indicates how many employees report directly to a manager.,Medium,Industrial/Organizational Psychology,Exam 8,Exam 8
"Which organizational structure groups employees by specialized functions such as marketing, finance, and operations?",Matrix structure,Divisional structure,Functional structure,Team network structure,3,A functional structure organizes employees according to specialized business functions.,Medium,Industrial/Organizational Psychology,Exam 8,Exam 8
A matrix structure blends:,Centralization and job rotation,Functional and product or project structures,Formal and informal leadership,Selection and training systems,2,"A matrix combines two lines of authority, typically functional and product/project.",Medium,Industrial/Organizational Psychology,Exam 8,Exam 8
Organizational culture refers to:,National labor law only,"Shared values, beliefs, and assumptions within an organization",Formal organizational chart,Employee mood on a given day,2,Organizational culture consists of the deeper meanings and shared understandings that guide behavior.,Medium,Industrial/Organizational Psychology,Exam 8,Exam 8
Organizational development is best described as:,A disciplinary system for poor performers,Planned effort to improve organizational effectiveness and health,A reward system based only on seniority,A selection system using multiple hurdles,2,"Organizational development uses planned, evidence-based interventions to improve the organization.",Medium,Industrial/Organizational Psychology,Exam 8,Exam 8
A company uses survey feedback and team-building exercises to improve functioning after a merger. This is an example of:,Organizational development intervention,Scientific management only,Criterion deficiency,BFOQ application,1,Survey feedback and team building are classic OD techniques used to facilitate change and improve functioning.,Medium,Industrial/Organizational Psychology,Exam 8,Exam 8
"A psychometrician in an HR department is asked to independently interpret complex assessment data and issue final recommendations without supervision, even though the case requires work beyond the psychometrician’s legal boundaries. The best action is to:",Proceed because the employer requested it,Refuse and seek appropriate supervision or referral consistent with professional boundaries,Release the raw scores and let management decide,Provide therapy to the applicant instead,2,"Practice must remain within legal and ethical boundaries. When a psychometrician is asked to go beyond competence or authorized scope, proper supervision, consultation, or referral is required.",Medium,Industrial/Organizational Psychology,Exam 8,Exam 8
"Under RA 10029-related practice boundaries and the PAP Code, psychometricians should:",Practice psychotherapy independently whenever requested by clients,"Operate only within prescribed boundaries, with supervision by a registered psychologist when applicable",Release all raw data to employers upon request,Diagnose without any consultation,2,RA 10029-related boundaries and the PAP Code require psychometricians to work within authorized scope and under supervision when applicable.,Medium,Industrial/Organizational Psychology,Exam 8,Exam 8
"In assessment practice, informed consent is most directly concerned with:",Ensuring the client automatically agrees with test results,"Informing the client about the nature, purpose, risks, and limits of confidentiality of the service",Allowing the employer to bypass explanation procedures,Preventing all forms of record keeping,2,Informed consent requires adequate explanation so that the client can make a knowledgeable decision.,Medium,Industrial/Organizational Psychology,Exam 8,Exam 8
Which action best protects test security?,Using photocopied test booklets for convenience,Posting test items in an online HR group chat,Restricting access to test materials to qualified persons,Allowing untrained staff to score protocols unsupervised,3,Test security is protected when materials are handled only by qualified users and kept secure from unauthorized access.,Medium,Industrial/Organizational Psychology,Exam 8,Exam 8
A psychometrician is asked by a hiring manager to send raw test responses and notes from an applicant’s examination through a shared office group message. The most ethical response is to:,Send the materials immediately because the manager outranks the psychometrician,Refuse the request and protect test data unless release is legally justified and properly authorized,Send only the applicant’s name and raw responses,Post the summary in a public recruitment file,2,Raw responses and related notes are protected test data and should not be casually released without proper legal or authorized basis.,Medium,Industrial/Organizational Psychology,Exam 8,Exam 8
Which of the following best reflects the principle of confidentiality?,Client information may be freely disclosed if it interests management,"Confidential information should be safeguarded and disclosed only with proper consent, legal basis, or serious protective justification","Only therapy records are confidential, not assessment data",Verbal reports are exempt from confidentiality rules,2,"Confidentiality is a core duty in assessment and other psychological work, with disclosure limited to authorized or legally justified circumstances.",Medium,Industrial/Organizational Psychology,Exam 8,Exam 8
A psychometrician is asked to use an outdated test because the company already owns it. The best response is to:,Use it because cost savings take priority,Use it only for executives,"Decline and recommend current, valid, reliable, and appropriate tools",Use it if applicants do not complain,3,Practitioners should not base conclusions on obsolete tests or outdated results. Appropriate current instruments are required.,Medium,Industrial/Organizational Psychology,Exam 8,Exam 8
"In an organizational setting, third-party requests for psychological services require clarification of:",Only the fee arrangement,"The practitioner’s role, who the client is, probable uses of information, and limits of confidentiality",The organization’s marketing strategy,The employee’s political beliefs,2,Third-party arrangements require early clarification to prevent role confusion and misuse of information.,Medium,Industrial/Organizational Psychology,Exam 8,Exam 8
A psychometrician notices that a supervisor wants to sit in during a confidential test feedback session “just to listen.” What is the best initial response?,Allow it automatically because the supervisor pays for the service,"Clarify confidentiality limits, the client relationship, and obtain proper consent before any disclosure",Refuse all feedback permanently,Provide only nonverbal hints about the results,2,"Before sharing any feedback with a supervisor, the practitioner must clarify roles, limits of confidentiality, and whether proper authorization exists.",Medium,Industrial/Organizational Psychology,Exam 8,Exam 8
Which of the following is the clearest example of unfair discrimination in personnel practice?,Requiring a job-relevant license for a technical role,Rejecting an applicant solely because of protected personal characteristics unrelated to job performance,Using a validated work sample,Training raters to reduce bias,2,Discrimination occurs when employment decisions are based on irrelevant protected characteristics rather than job-related qualifications.,Medium,Industrial/Organizational Psychology,Exam 8,Exam 8
"A registered psychometrician begins offering counseling sessions for employees with marital difficulties as a regular paid service. Based on professional boundaries, this is:",Acceptable because counseling is similar to assessment,Acceptable if the employee signs consent,Inappropriate unless legally authorized and competent to do so within the profession’s boundaries,Required under all employee assistance programs,3,A psychometrician should not step into counseling or therapy roles beyond legal and ethical scope without proper authority and competence.,Medium,Industrial/Organizational Psychology,Exam 8,Exam 8
"Which ethical principle is most directly violated when a practitioner accepts work in an area beyond current competence and makes no effort to obtain supervision, training, or referral?",Respect for dignity only,Competent caring,Organizational citizenship,Goal specificity,2,"Providing services beyond competence without corrective action violates the obligation to ensure competent, beneficial, and nonharmful practice.",Medium,Industrial/Organizational Psychology,Exam 8,Exam 8
An HR practitioner tells applicants that a personality test “has no right or wrong answers” but secretly uses the results to eliminate candidates without documented validity evidence. The most relevant ethical concern is:,Integrity and avoidance of deceptive statements,Job enlargement,Social facilitation,Job rotation,1,"Misleading applicants about the meaning or use of a test, especially without documented validity, raises serious integrity concerns.",Medium,Industrial/Organizational Psychology,Exam 8,Exam 8
A company wants to improve both performance and well-being. Which intervention best reflects a balanced I/O psychology approach?,Increase workload without changing support systems,Use only stricter discipline for all employees,"Align selection, training, motivation, leadership, and work design with both effectiveness and employee welfare",Focus only on profits and ignore job attitudes,3,A balanced I/O approach integrates multiple systems to improve performance while also protecting well-being.,Medium,Industrial/Organizational Psychology,Exam 8,Exam 8
Which statement best captures the contemporary role of I/O psychology in organizations?,It is concerned only with selection testing,"It integrates scientific evidence and applied practice across personnel, worker, team, and organizational issues",It replaced management and HR entirely,It is relevant only in manufacturing settings,2,"Modern I/O psychology spans selection, training, motivation, satisfaction, stress, leadership, teams, communication, structure, and change, all grounded in evidence.",Medium,Industrial/Organizational Psychology,Exam 8,Exam 8
Which statement best defines industrial/organizational psychology?,It is the branch of psychology concerned primarily with psychotherapy for employees with emotional disorders.,It is the branch of psychology concerned with the study of behavior in work settings and the application of psychological principles to change work behavior.,It is the branch of psychology focused mainly on advertising and consumer purchase behavior.,It is the branch of psychology that studies individual differences without regard to workplace application.,2,Industrial/organizational psychology is defined as the scientific study of behavior in work settings and the application of psychological principles to improve work performance and conditions. ---,Medium,Industrial/Organizational Psychology,Exam 9,Exam 9
An I/O psychologist is asked to design a selection system for customer service representatives and later evaluate whether the new system improves job performance and reduces turnover. This best illustrates the:,human relations model only,scientist-practitioner model,psychoanalytic model,trait activation model,2,"The scenario integrates both research and practical application, reflecting the scientist-practitioner model which combines scientific inquiry with real-world problem solving. ---",Medium,Industrial/Organizational Psychology,Exam 9,Exam 9
Which early contributor is most strongly associated with scientific management?,Elton Mayo,Hugo Münsterberg,Frederick W. Taylor,Robert Yerkes,3,"Frederick W. Taylor is known for scientific management, focusing on efficiency through systematic study of work processes. ---",Medium,Industrial/Organizational Psychology,Exam 9,Exam 9
Time-and-motion studies were designed primarily to:,identify unconscious motives among workers,determine the most efficient sequence of task movements,increase cohesion in work groups,reduce organizational politics through communication,2,"Time-and-motion studies analyze tasks to identify the most efficient way to perform them, improving productivity. ---",Medium,Industrial/Organizational Psychology,Exam 9,Exam 9
Which pair is most accurately matched?,Walter Dill Scott — Hawthorne studies,Robert Yerkes — Army Alpha and Beta testing,Elton Mayo — scientific management,Frederick Taylor — trait theory of leadership,2,Robert Yerkes led the development of Army Alpha and Beta tests used for military personnel classification. ---,Medium,Industrial/Organizational Psychology,Exam 9,Exam 9
The major lesson commonly associated with the Hawthorne studies is that:,productivity depends only on lighting and rest periods,wage incentives are always more powerful than social factors,workers may change behavior because they know they are being observed,selection tests are superior to all organizational interventions,3,The Hawthorne effect shows that behavior can change simply due to awareness of being observed. ---,Medium,Industrial/Organizational Psychology,Exam 9,Exam 9
"A researcher concludes that a productivity increase after training was caused by the training program. For that conclusion to be strongest, the study must have high:",external validity only,face validity,internal validity,content validity,3,Internal validity ensures that changes in outcomes are truly caused by the intervention rather than other factors. ---,Medium,Industrial/Organizational Psychology,Exam 9,Exam 9
Which research design is most appropriate when an I/O psychologist wants to determine whether a newly developed training program causes better safety performance than the current program?,Experimental method,Case study method,Archival survey only,Cross-sectional correlational design only,1,"Experimental designs allow control and manipulation of variables, making them best for establishing causality. ---",Medium,Industrial/Organizational Psychology,Exam 9,Exam 9
"A company finds that employees with higher job satisfaction also tend to report higher organizational commitment. From this finding alone, the researcher can conclude that:",job satisfaction causes commitment,commitment causes job satisfaction,"satisfaction and commitment are related, but causation cannot be established",there is no meaningful relationship between the two variables,3,Correlation indicates a relationship but does not establish causation. ---,Medium,Industrial/Organizational Psychology,Exam 9,Exam 9
Which is the best example of a quasi-experiment?,Applicants are randomly assigned to different jobs,Employees in one branch receive training while a comparable existing branch serves as a comparison group without random assignment,A researcher interviews five managers about leadership,"A company computes correlations among tenure, age, and salary",2,Quasi-experiments involve comparison groups but lack random assignment. ---,Medium,Industrial/Organizational Psychology,Exam 9,Exam 9
"In test construction, reliability refers to:",whether the test appears fair to applicants,the consistency or stability of scores,whether the test predicts job performance,whether the test covers all job duties,2,"Reliability reflects the consistency of measurement across time, items, or raters. ---",Medium,Industrial/Organizational Psychology,Exam 9,Exam 9
"A selection test predicts performance as a data analyst, but applicants complain that the test looks unrelated to the job. Which type of validity is most directly in question from the applicants’ perspective?",Criterion-related validity,Construct validity,Face validity,Predictive validity,3,Face validity concerns whether a test appears relevant and appropriate to test takers. ---,Medium,Industrial/Organizational Psychology,Exam 9,Exam 9
Which job analysis method is most appropriate when an organization wants detailed examples of especially effective and ineffective job behaviors for use in performance appraisal?,Position Analysis Questionnaire,Critical Incidents Technique,O*NET only,Job evaluation,2,This method gathers specific examples of effective and ineffective behaviors useful for appraisal. ---,Medium,Industrial/Organizational Psychology,Exam 9,Exam 9
The main purpose of job analysis is to:,determine whether employees deserve a pay raise after one year,"identify the tasks, duties, responsibilities, and worker requirements associated with a job",eliminate legal risk in all personnel decisions,measure organizational culture across departments,2,Job analysis defines what a job entails and the qualifications needed to perform it. ---,Medium,Industrial/Organizational Psychology,Exam 9,Exam 9
"A hospital wants to determine compensable worth across nursing, laboratory, and administrative positions to establish internal pay equity. Which process is most directly relevant?",Job evaluation,Organizational development,Criterion contamination,Assessment center design,1,Job evaluation determines the relative value of jobs to ensure fair compensation. ---,Medium,Industrial/Organizational Psychology,Exam 9,Exam 9
"During recruitment, the most immediate goal is to:",choose the single best applicant,create a pool of qualified applicants,train all new hires in job tasks,evaluate employee performance after probation,2,Recruitment focuses on attracting a sufficient number of qualified candidates. ---,Medium,Industrial/Organizational Psychology,Exam 9,Exam 9
"An interviewer asks one applicant, “Tell me about yourself,” and another applicant, “How would you handle an irate customer who received the wrong bill twice?” and then makes a global judgment without scoring guidelines. This interview is best described as:",structured and standardized,situational and behaviorally anchored,unstructured and vulnerable to bias,valid because it allows flexibility,3,Lack of standardization and scoring criteria increases susceptibility to bias. ---,Medium,Industrial/Organizational Psychology,Exam 9,Exam 9
Which selection tool generally has the strongest direct relevance when the organization wants applicants to demonstrate they can actually perform core job tasks before hiring?,Integrity test,Interest inventory,Work sample test,Biodata form,3,Work samples require applicants to perform tasks similar to actual job duties. ---,Medium,Industrial/Organizational Psychology,Exam 9,Exam 9
Assessment centers are most useful when an organization wants to assess:,only reading comprehension,a range of managerial and interpersonal competencies through multiple exercises,exclusively personality pathology,only prior work experience,2,Assessment centers use simulations to evaluate multiple competencies. ---,Medium,Industrial/Organizational Psychology,Exam 9,Exam 9
"A supervisor rates an employee as outstanding on all dimensions because the employee is exceptionally friendly and punctual, even though actual task performance is only average. This is an example of:",recency effect,halo error,contrast effect,central tendency,2,Halo error occurs when one positive trait influences ratings on unrelated dimensions. ---,Medium,Industrial/Organizational Psychology,Exam 9,Exam 9
Which source of performance ratings is most likely to provide direct information about day-to-day task performance but may also be affected by favoritism or bias?,Customers,Peers,Supervisors,Self-ratings,3,Supervisors directly observe performance but may be influenced by bias. ---,Medium,Industrial/Organizational Psychology,Exam 9,Exam 9
A training program is least likely to succeed when:,training objectives are clear,management supports transfer of training,trainees have no readiness or motivation to learn,training needs were carefully assessed,3,Motivation and readiness are essential for effective learning and transfer. ---,Medium,Industrial/Organizational Psychology,Exam 9,Exam 9
Which sequence best reflects a sound training process?,"Conduct training, choose trainees, develop objectives, assess needs, evaluate outcomes","Assess needs, establish objectives, develop methods/materials, implement training, evaluate outcomes","Evaluate outcomes, assess needs, develop methods, implement training, establish objectives","Establish objectives, implement training, assess needs, evaluate outcomes, develop methods",2,Training follows a systematic process beginning with needs assessment and ending with evaluation. ---,Medium,Industrial/Organizational Psychology,Exam 9,Exam 9
"According to goal-setting principles, goals are most motivating when they are:",vague and easy so employees do not become anxious,"difficult, specific, and accompanied by feedback",broad and assigned without employee awareness,based primarily on seniority,2,"Goal-setting theory shows that specific, challenging goals with feedback enhance performance. ---",Medium,Industrial/Organizational Psychology,Exam 9,Exam 9
"A psychometrician in an organization is asked to independently interpret and release raw psychological test data to management without psychologist oversight, even though the referral purpose was only screening support. Which is the best response?","Comply, because management owns all employee data","Comply, provided the employee signed a general company waiver","Decline and follow legal and ethical limits on competence, release, and proper use of assessment results",Release only the raw scores because interpretations are optional,3,"Ethical practice and RA 10029 require adherence to scope of practice, proper supervision, and protection against misuse of psychological test data. Continuing in the exact required format. ---",Medium,Industrial/Organizational Psychology,Exam 9,Exam 9
Which concept refers to the extent to which a sample represents the population from which it is drawn?,Reliability,Sampling error,Representativeness,Internal consistency,3,"Representativeness ensures that a sample accurately reflects the characteristics of the population, allowing valid generalization of results. ---",Medium,Industrial/Organizational Psychology,Exam 9,Exam 9
An organization conducts a survey of employee engagement but only receives responses from highly satisfied employees. This is an example of:,construct validity,response bias,criterion deficiency,interrater reliability,2,"Response bias occurs when certain groups are more likely to respond, resulting in skewed and unrepresentative data. ---",Medium,Industrial/Organizational Psychology,Exam 9,Exam 9
Which type of validity is most concerned with whether a test adequately covers the domain of job-relevant content?,Content validity,Face validity,Predictive validity,Discriminant validity,1,Content validity ensures that test items fully represent the job domain and required knowledge or skills. ---,Medium,Industrial/Organizational Psychology,Exam 9,Exam 9
A selection test shows a strong correlation with job performance measured six months after hiring. This is an example of:,concurrent validity,content validity,predictive validity,construct validity,3,Predictive validity evaluates how well a test predicts future job performance. ---,Medium,Industrial/Organizational Psychology,Exam 9,Exam 9
Which is a key advantage of using multiple predictors in selection decisions?,It eliminates the need for job analysis,It increases the likelihood of capturing different aspects of job performance,It guarantees fairness across all applicants,It removes the need for validation,2,"Multiple predictors assess various dimensions of performance, improving overall decision accuracy. ---",Medium,Industrial/Organizational Psychology,Exam 9,Exam 9
Which compensation system directly ties pay to individual performance outcomes?,Merit pay,Cost-of-living adjustment,Seniority-based pay,Fixed salary system,1,Merit pay links compensation directly to individual performance levels. ---,Medium,Industrial/Organizational Psychology,Exam 9,Exam 9
Which theory proposes that employees compare their input-output ratios with those of others?,Expectancy theory,Equity theory,Goal-setting theory,Reinforcement theory,2,Equity theory explains motivation based on perceived fairness of input-output comparisons with others. ---,Medium,Industrial/Organizational Psychology,Exam 9,Exam 9
"According to expectancy theory, motivation is highest when:",rewards are equally distributed among employees,employees believe effort will lead to performance and performance will lead to valued outcomes,goals are vague but achievable,punishment is consistently applied,2,"Expectancy theory emphasizes expectancy, instrumentality, and valence as drivers of motivation. ---",Medium,Industrial/Organizational Psychology,Exam 9,Exam 9
"Which leadership style is characterized by inspiring followers through vision, charisma, and personal influence?",Transactional leadership,Transformational leadership,Laissez-faire leadership,Autocratic leadership,2,Transformational leaders inspire and motivate followers through vision and personal influence. ---,Medium,Industrial/Organizational Psychology,Exam 9,Exam 9
A leader who clarifies expectations and provides rewards for meeting performance goals is demonstrating:,Transformational leadership,Transactional leadership,Servant leadership,Participative leadership,2,Transactional leadership is based on exchanges such as rewards for meeting expectations. ---,Medium,Industrial/Organizational Psychology,Exam 9,Exam 9
Organizational culture refers to:,formal rules and regulations governing behavior,"shared values, beliefs, and assumptions within an organization",individual personality traits of employees,job-specific competencies required for performance,2,Organizational culture consists of shared meanings that guide behavior within the organization. ---,Medium,Industrial/Organizational Psychology,Exam 9,Exam 9
Which conflict management strategy involves finding a mutually beneficial solution for both parties?,Avoiding,Competing,Compromising,Collaborating,4,Collaboration seeks a win-win solution satisfying all parties. ---,Medium,Industrial/Organizational Psychology,Exam 9,Exam 9
A team where members rely on each other’s inputs and coordinate tasks to achieve a common goal is described as:,a nominal group,an independent group,an interdependent team,a social loafing group,3,Interdependent teams require coordination and mutual reliance among members. ---,Medium,Industrial/Organizational Psychology,Exam 9,Exam 9
Social loafing refers to:,increased effort when working in groups,reduced individual effort when working in groups,conflict among team members,high levels of group cohesion,2,Social loafing occurs when individuals exert less effort in group settings. ---,Medium,Industrial/Organizational Psychology,Exam 9,Exam 9
"Which organizational structure is characterized by a clear hierarchy, centralized authority, and formalized procedures?",Organic structure,Matrix structure,Mechanistic structure,Network structure,3,"Mechanistic structures are rigid, hierarchical, and formalized. ---",Medium,Industrial/Organizational Psychology,Exam 9,Exam 9
Organizational development interventions are primarily aimed at:,improving individual test scores,enhancing organizational effectiveness and employee well-being,reducing recruitment costs only,eliminating all workplace conflict,2,Organizational development focuses on improving both effectiveness and human functioning. ---,Medium,Industrial/Organizational Psychology,Exam 9,Exam 9
Resistance to organizational change is most likely when:,employees understand the need for change,employees are involved in the change process,change threatens job security or established routines,communication about change is clear and transparent,3,Resistance arises when change threatens stability or security. ---,Medium,Industrial/Organizational Psychology,Exam 9,Exam 9
Which method is most effective in reducing resistance to change?,Ignoring employee concerns,Forcing immediate compliance,Providing participation and communication,Withholding information until implementation,3,Participation and communication reduce uncertainty and increase acceptance. ---,Medium,Industrial/Organizational Psychology,Exam 9,Exam 9
Job satisfaction is best defined as:,the amount of pay an employee receives,a positive emotional state resulting from appraisal of one’s job,the number of hours worked,the level of education required for a job,2,Job satisfaction reflects an individual’s emotional evaluation of their job. ---,Medium,Industrial/Organizational Psychology,Exam 9,Exam 9
Organizational commitment refers to:,employees’ physical ability to perform tasks,employees’ attachment and loyalty to the organization,the degree of job difficulty,the number of years spent in the company,2,Organizational commitment reflects psychological attachment to the organization. ---,Medium,Industrial/Organizational Psychology,Exam 9,Exam 9
Which type of commitment reflects an employee’s emotional attachment to the organization?,Continuance commitment,Normative commitment,Affective commitment,Structural commitment,3,Affective commitment is based on emotional attachment and identification. ---,Medium,Industrial/Organizational Psychology,Exam 9,Exam 9
Burnout is most commonly characterized by:,increased motivation and engagement,"emotional exhaustion, depersonalization, and reduced accomplishment",high levels of job satisfaction,strong organizational commitment,2,"Burnout involves exhaustion, detachment, and reduced personal accomplishment. ---",Medium,Industrial/Organizational Psychology,Exam 9,Exam 9
Which stressor is most associated with role ambiguity?,Unclear job expectations,Excessive workload,Interpersonal conflict,Physical work conditions,1,Role ambiguity occurs when job expectations are unclear. ---,Medium,Industrial/Organizational Psychology,Exam 9,Exam 9
A test administrator discusses an employee’s test results with unauthorized personnel. This is a violation of:,reliability standards,confidentiality,construct validity,job analysis principles,2,Confidentiality requires protecting assessment data from unauthorized disclosure. ---,Medium,Industrial/Organizational Psychology,Exam 9,Exam 9
"Under Republic Act No. 10029, which of the following is required for an individual to practice as a psychometrician in the Philippines?",Completion of any psychology-related course,Registration and licensure by the Professional Regulation Commission,Employment in a private company,Membership in any psychological association,2,RA 10029 requires licensure and registration to legally practice as a psychometrician. --- (Continuing directly to 51–100) ---,Medium,Industrial/Organizational Psychology,Exam 9,Exam 9
Which type of learning occurs when behavior is strengthened or weakened based on its consequences?,Classical conditioning,Operant conditioning,Observational learning,Insight learning,2,Operant conditioning explains behavior in terms of consequences such as reinforcement and punishment. ---,Medium,Industrial/Organizational Psychology,Exam 9,Exam 9
A company implements a bonus system where employees receive rewards for meeting sales targets. This is an example of:,positive punishment,negative reinforcement,positive reinforcement,extinction,3,Positive reinforcement increases behavior by adding a desirable outcome. ---,Medium,Industrial/Organizational Psychology,Exam 9,Exam 9
Which reinforcement schedule produces the highest and most consistent response rate?,Fixed interval,Fixed ratio,Variable interval,Variable ratio,4,Variable ratio schedules produce high and steady response rates and are resistant to extinction. ---,Medium,Industrial/Organizational Psychology,Exam 9,Exam 9
An employee continues to check emails frequently because important messages may arrive at unpredictable times. This behavior is best explained by:,fixed ratio schedule,fixed interval schedule,variable interval schedule,variable ratio schedule,3,Variable interval schedules reinforce behavior at unpredictable time intervals. ---,Medium,Industrial/Organizational Psychology,Exam 9,Exam 9
"Which personality trait from the Big Five is most strongly associated with being organized, dependable, and disciplined?",Extraversion,Agreeableness,Conscientiousness,Openness to experience,3,"Conscientiousness reflects organization, reliability, and discipline. ---",Medium,Industrial/Organizational Psychology,Exam 9,Exam 9
Which personality trait is most consistently related to job performance across a wide range of occupations?,Neuroticism,Conscientiousness,Openness,Extraversion,2,Conscientiousness is the strongest and most consistent predictor of job performance. ---,Medium,Industrial/Organizational Psychology,Exam 9,Exam 9
Emotional intelligence primarily involves:,solving complex mathematical problems,understanding and managing one’s own and others’ emotions,physical coordination,memory recall ability,2,"Emotional intelligence involves awareness, regulation, and management of emotions. ---",Medium,Industrial/Organizational Psychology,Exam 9,Exam 9
Which of the following best describes cognitive ability?,physical endurance in performing tasks,"ability to understand, reason, and solve problems",interpersonal communication skill,emotional regulation,2,"Cognitive ability includes reasoning, learning, and problem-solving. ---",Medium,Industrial/Organizational Psychology,Exam 9,Exam 9
Person-job fit refers to:,alignment between employee values and organizational culture,match between employee abilities and job requirements,employee satisfaction with compensation,relationship between coworkers,2,Person-job fit focuses on alignment between abilities and job demands. ---,Medium,Industrial/Organizational Psychology,Exam 9,Exam 9
Person-organization fit refers to:,compatibility between individual values and organizational values,employee productivity levels,job task efficiency,supervisor-subordinate relationship,1,Person-organization fit reflects alignment of values and culture. ---,Medium,Industrial/Organizational Psychology,Exam 9,Exam 9
Which of the following is the best example of intrinsic motivation?,Working to earn a salary,Completing a task because it is interesting and enjoyable,Working to avoid punishment,Completing work for external recognition,2,Intrinsic motivation is driven by internal satisfaction and interest. ---,Medium,Industrial/Organizational Psychology,Exam 9,Exam 9
Which concept refers to the degree to which a job requires completion of a whole and identifiable piece of work?,Task significance,Task identity,Skill variety,Autonomy,2,"Task identity refers to completing a whole, identifiable unit of work. ---",Medium,Industrial/Organizational Psychology,Exam 9,Exam 9
Which job characteristic refers to the degree to which a job affects the lives of others?,Task identity,Task significance,Feedback,Skill variety,2,Task significance reflects the impact of a job on others. ---,Medium,Industrial/Organizational Psychology,Exam 9,Exam 9
Job enrichment involves:,reducing job complexity,increasing job depth and responsibility,eliminating employee autonomy,decreasing task variety,2,"Job enrichment enhances responsibility, autonomy, and meaningfulness. ---",Medium,Industrial/Organizational Psychology,Exam 9,Exam 9
Which of the following is an example of job rotation?,Assigning more responsibility to a current role,Moving employees between different tasks or positions,Reducing workload,Increasing salary without changing duties,2,Job rotation involves shifting employees across different roles. ---,Medium,Industrial/Organizational Psychology,Exam 9,Exam 9
Which type of unemployment occurs when workers are temporarily between jobs?,Structural unemployment,Cyclical unemployment,Frictional unemployment,Seasonal unemployment,3,Frictional unemployment occurs during transitions between jobs. ---,Medium,Industrial/Organizational Psychology,Exam 9,Exam 9
Which type of test measures knowledge or proficiency gained through experience?,Aptitude test,Personality test,Achievement test,Interest inventory,3,Achievement tests measure learned knowledge or skills. ---,Medium,Industrial/Organizational Psychology,Exam 9,Exam 9
Which type of selection error occurs when an applicant is hired but performs poorly?,False negative,False positive,True positive,True negative,2,A false positive occurs when an unsuitable candidate is hired. ---,Medium,Industrial/Organizational Psychology,Exam 9,Exam 9
Which of the following best describes utility analysis?,Measuring job satisfaction levels,Estimating the economic value of selection methods,Assessing personality traits,Evaluating organizational culture,2,Utility analysis evaluates the financial impact of HR practices. ---,Medium,Industrial/Organizational Psychology,Exam 9,Exam 9
Which law is most directly concerned with preventing discrimination in employment practices?,RA 10029,Labor Code of the Philippines,Anti-Discrimination laws,Civil Code,3,Anti-discrimination laws specifically address fair employment practices. ---,Medium,Industrial/Organizational Psychology,Exam 9,Exam 9
A psychometrician administers a test beyond their level of training. This violates which ethical principle?,Integrity,Competence,Confidentiality,Fidelity,2,Practicing beyond one’s training violates competence standards. ---,Medium,Industrial/Organizational Psychology,Exam 9,Exam 9
Informed consent requires that:,participants are forced to comply,individuals are fully informed and voluntarily agree to participate,data is shared publicly,results are hidden from participants,2,Informed consent ensures voluntary participation based on full understanding. ---,Medium,Industrial/Organizational Psychology,Exam 9,Exam 9
Which bias occurs when a rater consistently gives higher ratings than deserved?,Leniency error,Severity error,Halo effect,Recency effect,1,Leniency error involves consistently inflated ratings. ---,Medium,Industrial/Organizational Psychology,Exam 9,Exam 9
Which bias occurs when recent performance disproportionately influences evaluation?,Halo effect,Recency effect,Central tendency,Contrast effect,2,Recency effect emphasizes recent behavior over earlier performance. ---,Medium,Industrial/Organizational Psychology,Exam 9,Exam 9
Which concept refers to the stability of employee membership over time?,Turnover,Retention,Absenteeism,Attrition,2,Retention refers to the ability to keep employees over time. ---,Medium,Industrial/Organizational Psychology,Exam 9,Exam 9
Which method is most appropriate for measuring absenteeism?,Counting number of days absent over a period,Measuring job satisfaction levels,Conducting personality assessments,Observing employee interactions,1,Absenteeism is best measured by tracking absence frequency or duration. ---,Medium,Industrial/Organizational Psychology,Exam 9,Exam 9
Which of the following is the best example of counterproductive work behavior (CWB)?,Volunteering for extra tasks,Helping coworkers complete assignments,Deliberately arriving late to work,Attending training sessions,3,"CWB includes behaviors that harm the organization, such as intentional lateness. ---",Medium,Industrial/Organizational Psychology,Exam 9,Exam 9
Organizational citizenship behavior (OCB) refers to:,required job duties outlined in job descriptions,voluntary behaviors that contribute to organizational effectiveness,behaviors that violate company policies,only leadership-related activities,2,OCB includes discretionary behaviors that support the organization. ---,Medium,Industrial/Organizational Psychology,Exam 9,Exam 9
Which of the following best describes absenteeism?,Employees leaving the organization permanently,Employees being physically present but disengaged,Employees not reporting to work as scheduled,Employees performing below expectations,3,Absenteeism refers to failure to report to work. ---,Medium,Industrial/Organizational Psychology,Exam 9,Exam 9
Which term refers to employees being physically present but not fully productive?,Turnover,Presenteeism,Absenteeism,Attrition,2,Presenteeism is being present but not functioning effectively. ---,Medium,Industrial/Organizational Psychology,Exam 9,Exam 9
A union is best described as:,a group of managers coordinating company policies,an organization representing employees’ interests in negotiations,a government agency regulating employment,a training and development unit,2,Unions represent workers in labor relations and negotiations. ---,Medium,Industrial/Organizational Psychology,Exam 9,Exam 9
Collective bargaining refers to:,individual negotiation between employee and supervisor,negotiation between employer and employee representatives,conflict avoidance strategies,disciplinary procedures,2,Collective bargaining involves negotiation between unions and employers. ---,Medium,Industrial/Organizational Psychology,Exam 9,Exam 9
Which of the following is most likely to reduce workplace accidents?,Ignoring safety procedures,Providing safety training and enforcing standards,Increasing workload without breaks,Reducing supervision,2,Training and enforcement of safety procedures reduce accidents. ---,Medium,Industrial/Organizational Psychology,Exam 9,Exam 9
Human factors psychology primarily focuses on:,personality assessment,designing systems to fit human capabilities and limitations,recruitment strategies,organizational politics,2,Human factors focuses on optimizing human-system interaction. ---,Medium,Industrial/Organizational Psychology,Exam 9,Exam 9
Ergonomics aims to:,increase employee workload,design work environments that enhance comfort and efficiency,eliminate job satisfaction,reduce training needs entirely,2,Ergonomics improves fit between people and their work environment. ---,Medium,Industrial/Organizational Psychology,Exam 9,Exam 9
Which leadership theory suggests that effective leadership depends on the match between leadership style and situational factors?,Trait theory,Behavioral theory,Contingency theory,Path-goal theory,3,Contingency theory emphasizes fit between leader and situation. ---,Medium,Industrial/Organizational Psychology,Exam 9,Exam 9
"According to path-goal theory, a leader’s role is to:",maintain strict control over employees,clarify paths to goals and remove obstacles,avoid interaction with subordinates,focus only on organizational structure,2,Path-goal theory focuses on helping employees achieve goals. ---,Medium,Industrial/Organizational Psychology,Exam 9,Exam 9
Which communication direction flows from employees to management?,Downward communication,Upward communication,Horizontal communication,Diagonal communication,2,Upward communication flows from subordinates to higher levels. ---,Medium,Industrial/Organizational Psychology,Exam 9,Exam 9
Which type of power is based on an individual’s expertise and knowledge?,Legitimate power,Coercive power,Expert power,Reward power,3,Expert power comes from knowledge and expertise. ---,Medium,Industrial/Organizational Psychology,Exam 9,Exam 9
Which of the following is a common barrier to effective communication?,Clear language,Feedback,Noise and distractions,Active listening,3,Noise interferes with message transmission. ---,Medium,Industrial/Organizational Psychology,Exam 9,Exam 9
Which decision-making bias involves relying too heavily on initial information?,Anchoring bias,Confirmation bias,Availability bias,Hindsight bias,1,Anchoring bias involves reliance on initial information. ---,Medium,Industrial/Organizational Psychology,Exam 9,Exam 9
Groupthink occurs when:,group members critically evaluate all alternatives,group members prioritize consensus over realistic appraisal,individuals work independently,conflicts are encouraged,2,Groupthink suppresses dissent in favor of consensus. ---,Medium,Industrial/Organizational Psychology,Exam 9,Exam 9
Which of the following best improves team effectiveness?,Lack of clear roles,Poor communication,Clear goals and defined roles,High conflict with no resolution,3,Clear structure improves team coordination and effectiveness. ---,Medium,Industrial/Organizational Psychology,Exam 9,Exam 9
Which ethical principle emphasizes honesty and accuracy in professional work?,Integrity,Competence,Confidentiality,Responsibility,1,Integrity requires honesty and accuracy in professional practice. ---,Medium,Industrial/Organizational Psychology,Exam 9,Exam 9
A psychometrician shares test materials with unqualified individuals. This violates:,competence,confidentiality,test security and ethical standards,job analysis principles,3,Sharing test materials compromises test integrity and violates ethical standards. ---,Medium,Industrial/Organizational Psychology,Exam 9,Exam 9
"Under RA 10029, which activity is within the scope of a licensed psychometrician?",Independent psychotherapy,Administering and scoring psychological tests under supervision,Diagnosing mental disorders independently,Prescribing medication,2,Psychometricians are authorized to administer and score tests under supervision. ---,Medium,Industrial/Organizational Psychology,Exam 9,Exam 9
Which of the following best reflects ethical test use?,Using outdated tests without validation,Administering tests beyond competence,Ensuring proper interpretation and confidentiality of results,Sharing results publicly without consent,3,"Ethical testing requires competence, accuracy, and confidentiality. ---",Medium,Industrial/Organizational Psychology,Exam 9,Exam 9
Which of the following is the best example of procedural justice?,Fair distribution of rewards,Fair processes used to make decisions,Equal pay for all employees,High salary levels,2,Procedural justice concerns fairness of decision-making processes. ---,Medium,Industrial/Organizational Psychology,Exam 9,Exam 9
Distributive justice refers to:,fairness of decision-making processes,fairness of outcomes and resource distribution,communication effectiveness,leadership style,2,Distributive justice focuses on fairness of outcomes. ---,Medium,Industrial/Organizational Psychology,Exam 9,Exam 9
Which factor is most strongly associated with high employee engagement?,Lack of feedback,Meaningful work and recognition,Strict supervision only,Minimal communication,2,"Engagement is driven by meaningful work, recognition, and involvement.",Medium,Industrial/Organizational Psychology,Exam 9,Exam 9
Which statement best defines industrial/organizational psychology?,The treatment of severe psychological disorders in hospital settings,The scientific study of behavior and mental processes in work settings and the application of psychology to work problems,The administration of business systems concerned only with profit,The branch of psychology devoted solely to intelligence testing,2,Industrial/organizational psychology applies psychological principles to understand and improve behavior in workplace settings.,Medium,Industrial/Organizational Psychology,Exam 10,Exam 10
The scientist-practitioner model in I/O psychology means that the practitioner should:,Rely only on intuition developed from years of experience,Use research evidence to inform practice while allowing practice problems to stimulate research,Focus on laboratory experiments and avoid applied work,Use whatever intervention is popular in organizations regardless of evidence,2,The model emphasizes integration of scientific research and applied practice for effective problem-solving.,Medium,Industrial/Organizational Psychology,Exam 10,Exam 10
Which early contributor is most closely associated with scientific management and time-and-motion studies?,Elton Mayo,Frederick W. Taylor,Kurt Lewin,Victor Vroom,2,Taylor pioneered scientific management and emphasized efficiency through time-and-motion studies.,Medium,Industrial/Organizational Psychology,Exam 10,Exam 10
The Hawthorne studies are historically important primarily because they:,Proved that brighter lighting always maximizes performance,Showed that employee behavior can be affected by attention and social factors in the work setting,Established that money is the only true motivator,Demonstrated that productivity is unrelated to work conditions,2,The studies highlighted the role of social and psychological factors in influencing employee performance.,Medium,Industrial/Organizational Psychology,Exam 10,Exam 10
"In research, a variable manipulated by the investigator to observe its effect is the:",Dependent variable,Extraneous variable,Independent variable,Criterion variable,3,The independent variable is deliberately manipulated to examine its effect on outcomes.,Medium,Industrial/Organizational Psychology,Exam 10,Exam 10
A major advantage of experimental designs is that they provide the strongest basis for:,Description only,Causal inference,Meta-analysis,Archival review,2,"Experiments allow control and manipulation, enabling conclusions about cause-and-effect relationships.",Medium,Industrial/Organizational Psychology,Exam 10,Exam 10
"When a measure yields consistent results over time or across raters, it demonstrates:",Content validity,Reliability,Construct deficiency,Range restriction,2,Reliability refers to the consistency and stability of measurement results.,Medium,Industrial/Organizational Psychology,Exam 10,Exam 10
"If an organization wants to know whether test scores predict later sales performance, the key issue is:",Face validity,Criterion-related validity,Test security,Interrater reliability,2,Criterion-related validity assesses how well a test predicts job performance outcomes.,Medium,Industrial/Organizational Psychology,Exam 10,Exam 10
The primary purpose of job analysis is to:,Identify the cheapest applicants available,Determine the salary of every executive,"Describe job tasks and the knowledge, skills, abilities, and other characteristics required for effective performance",Replace all interviews with tests,3,Job analysis provides systematic information about job duties and required competencies.,Medium,Industrial/Organizational Psychology,Exam 10,Exam 10
Which job analysis method focuses on especially effective or ineffective job behaviors?,Critical incidents technique,Position Analysis Questionnaire,Graphology,Forced distribution,1,This method identifies specific behaviors that lead to success or failure in job performance.,Medium,Industrial/Organizational Psychology,Exam 10,Exam 10
A well-written job description is most useful because it:,Lists the applicant’s desired personality only,Provides a defensible summary of duties and responsibilities linked to the job,Guarantees that no legal complaint can ever arise,Eliminates the need for supervision,2,Job descriptions clarify duties and support legal defensibility in HR decisions.,Medium,Industrial/Organizational Psychology,Exam 10,Exam 10
Human resource planning is most directly concerned with:,Forecasting the organization’s future staffing needs,Treating employee psychopathology,Designing production machinery,Replacing all employees with automation,1,HR planning focuses on predicting and meeting future workforce requirements.,Medium,Industrial/Organizational Psychology,Exam 10,Exam 10
A realistic job preview is used primarily to:,Increase applicant attraction by hiding unpleasant features of the job,Improve person-job fit by giving applicants an accurate picture of job demands and rewards,Train supervisors to rate applicants,Replace background investigations,2,Realistic job previews align expectations and reduce turnover.,Medium,Industrial/Organizational Psychology,Exam 10,Exam 10
Which recruitment source is most likely to improve the quality of applicant fit through social knowledge of the job and organization?,Employee referrals,Random cold calling,Office gossip,Lottery selection,1,"Referrals provide insight into job and organization, improving person-job fit.",Medium,Industrial/Organizational Psychology,Exam 10,Exam 10
A structured interview is generally preferred over an unstructured interview because it:,Allows the interviewer to ask entirely different questions for each applicant without standards,"Improves consistency, reduces bias, and often has better validity",Removes the need for note-taking and scoring guides,Is easier to fake because questions are predictable,2,"Structured interviews standardize evaluation, improving reliability and validity.",Medium,Industrial/Organizational Psychology,Exam 10,Exam 10
An interview question that asks all applicants to describe a past situation in which they resolved a customer complaint is best classified as a:,Projective question,Behavior description question,Biographical blank,Stress interview by default,2,"Behavior description questions require applicants to report past behavior, which is a strong predictor of future performance.",Medium,Industrial/Organizational Psychology,Exam 10,Exam 10
"The use of minimum scores on several predictors, any one of which can eliminate an applicant, is called the:",Multiple hurdle model,Compensatory model,Banding model,Assessment center model,1,"This model screens applicants in stages, requiring them to pass each hurdle to proceed.",Medium,Industrial/Organizational Psychology,Exam 10,Exam 10
A compensatory approach to selection assumes that:,Applicants who fail one predictor must always be rejected immediately,A higher score on one predictor can offset a lower score on another predictor,Only cognitive ability should be used in hiring,Cutoff scores are illegal,2,Compensatory models allow strengths in one area to balance weaknesses in another.,Medium,Industrial/Organizational Psychology,Exam 10,Exam 10
Which of the following is a classic concern in employee testing?,Whether the test is job-related and valid for its intended use,Whether the test has difficult words only,Whether the test is longer than two pages,Whether the test is liked equally by all managers,1,Validity ensures that the test measures what it is intended to and is appropriate for the job.,Medium,Industrial/Organizational Psychology,Exam 10,Exam 10
A false positive in personnel selection occurs when the organization:,Rejects an applicant who would have failed on the job,Accepts an applicant who later performs poorly,Accepts only high scorers,Chooses internal candidates over external ones,2,A false positive is selecting someone predicted to succeed who actually fails.,Medium,Industrial/Organizational Psychology,Exam 10,Exam 10
A false negative in personnel selection occurs when the organization:,Rejects an applicant who would have become a successful employee,Promotes a poor performer,Uses too many interviews,Administers a valid test,1,A false negative is failing to hire someone who would have performed well.,Medium,Industrial/Organizational Psychology,Exam 10,Exam 10
Assessment centers are especially valuable because they:,Rely solely on one paper-and-pencil test,Use multiple exercises and trained assessors to evaluate dimensions relevant to job performance,Are intended only for measuring intelligence,Cannot be used for development purposes,2,Assessment centers provide a comprehensive evaluation using simulations and multiple raters.,Medium,Industrial/Organizational Psychology,Exam 10,Exam 10
Cognitive ability tests are often used in selection because they tend to:,Have zero relationship with job performance,"Predict performance for many jobs, particularly complex jobs",Measure only honesty,Be immune from legal scrutiny,2,"Cognitive ability is a strong predictor of performance, especially in complex roles.",Medium,Industrial/Organizational Psychology,Exam 10,Exam 10
Integrity tests are designed primarily to assess:,Motor coordination,Counterproductive tendencies such as dishonesty or rule violation,Color blindness,Manual dexterity,2,Integrity tests assess likelihood of behaviors like theft and dishonesty.,Medium,Industrial/Organizational Psychology,Exam 10,Exam 10
Biodata is best described as:,Ambiguous inkblot material used for personality interpretation,Biographical information scored empirically to predict job-related outcomes,A narrative from the applicant’s references only,A record of organizational profits,2,Biodata uses past experiences to predict future job performance.,Medium,Industrial/Organizational Psychology,Exam 10,Exam 10
One major legal principle in employee selection is that a tool with adverse impact should be retained only if the employer can show it is:,Popular with line managers,Job-related and consistent with business necessity,Cheap and easy to score,Used by competitors,2,Legal standards require justification of selection tools that show adverse impact.,Medium,Industrial/Organizational Psychology,Exam 10,Exam 10
Adverse impact is most accurately defined as:,An employee’s negative attitude after a poor performance rating,A substantially different rate of selection that disadvantages members of a protected group,The legal ban on all cognitive testing,Any complaint filed by an applicant,2,Adverse impact refers to unequal selection rates across groups.,Medium,Industrial/Organizational Psychology,Exam 10,Exam 10
The strongest foundation for deciding what should be measured in a performance appraisal system is:,Supervisor preference alone,Job analysis,The newest rating form on the market,The employee’s tenure,2,Job analysis ensures performance criteria are relevant and job-related.,Medium,Industrial/Organizational Psychology,Exam 10,Exam 10
A leniency error occurs when a rater:,Consistently rates most employees too high,Allows one trait to influence all ratings,Focuses only on recent behavior,Rates most employees too low,1,Leniency error is the tendency to give inflated ratings.,Medium,Industrial/Organizational Psychology,Exam 10,Exam 10
The halo effect occurs when a rater:,Allows one general impression to influence ratings on specific dimensions,Rates recent behavior too heavily,Avoids using the ends of the scale,Compares all employees with one star performer,1,Halo effect occurs when one trait biases evaluation of others.,Medium,Industrial/Organizational Psychology,Exam 10,Exam 10
A 360-degree appraisal system typically includes ratings from:,Only the direct supervisor,Only customers and clients,"Multiple sources such as supervisors, peers, subordinates, and sometimes self-ratings",Only external auditors,3,360-degree feedback gathers multiple perspectives for a comprehensive evaluation.,Medium,Industrial/Organizational Psychology,Exam 10,Exam 10
Behaviorally anchored rating scales are designed to improve appraisal quality by:,Eliminating all subjectivity automatically,Using specific behavioral examples to define scale points,Ranking employees from best to worst only,Measuring personality instead of performance,2,BARS provide clear behavioral anchors to improve accuracy and consistency.,Medium,Industrial/Organizational Psychology,Exam 10,Exam 10
"In training, needs assessment usually includes organizational, task, and person analysis. Task analysis is concerned primarily with:",Whether employees are motivated to attend training,What the job requires employees to do and the competencies needed,Whether top management supports the training budget,How satisfied trainees felt after the program,2,Task analysis identifies job duties and required competencies.,Medium,Industrial/Organizational Psychology,Exam 10,Exam 10
Person analysis in training asks which question most directly?,What are the organization’s strategic goals?,Which tasks are part of the job?,Who needs training and in what areas?,What is the company’s market share?,3,Person analysis identifies individuals who need training and skill gaps.,Medium,Industrial/Organizational Psychology,Exam 10,Exam 10
An important condition for transfer of training is that:,Trainees be kept away from real job situations after training,The work environment support use of newly learned skills,Training occur without any practice opportunities,Employees be rewarded only for attendance,2,Supportive environments enhance transfer of learning.,Medium,Industrial/Organizational Psychology,Exam 10,Exam 10
The Kirkpatrick level that examines whether training changed workplace behavior is:,Reaction,Learning,Behavior,Results,3,Behavior level assesses application of training on the job.,Medium,Industrial/Organizational Psychology,Exam 10,Exam 10
"A manager says training failed because employees disliked the instructor, even though test scores and on-the-job performance improved. The manager is overemphasizing which evaluation criterion?",Reaction,Learning,Behavior,Results,1,"Reaction focuses on satisfaction, not actual learning or performance outcomes.",Medium,Industrial/Organizational Psychology,Exam 10,Exam 10
A program that teaches employees how to handle harassment complaints and ethical dilemmas is best classified as:,Compliance-related training,Vestibule training only,Psychomotor training only,Selection validation,1,"This type of training focuses on legal, ethical, and regulatory requirements such as harassment prevention.",Medium,Industrial/Organizational Psychology,Exam 10,Exam 10
"According to reinforcement theory, behavior is most likely to be repeated when it is followed by:",Punishment only,A reinforcing consequence,Extinction,Random discouragement,2,Reinforcement strengthens behavior by increasing the likelihood of its recurrence.,Medium,Industrial/Organizational Psychology,Exam 10,Exam 10
"In goal-setting theory, goals are generally most motivating when they are:",Vague and easy,Specific and challenging,Secret and imposed without explanation,Unrelated to feedback,2,"Specific and challenging goals increase motivation, effort, and persistence.",Medium,Industrial/Organizational Psychology,Exam 10,Exam 10
A supervisor wants to motivate employees by clarifying how effort leads to performance and how performance leads to valued rewards. This reflects:,Equity theory,Expectancy theory,Trait theory,Human relations movement only,2,Expectancy theory focuses on effort-performance-reward relationships.,Medium,Industrial/Organizational Psychology,Exam 10,Exam 10
"Under equity theory, an employee is most likely to feel inequity when:",The job contains high variety,The ratio of inputs to outcomes seems unfavorable compared with a referent other,The goal is very specific,Punishment is infrequent,2,Equity theory is based on fairness comparisons of input-output ratios.,Medium,Industrial/Organizational Psychology,Exam 10,Exam 10
"According to Herzberg’s two-factor theory, salary and working conditions are typically classified as:",Motivators,Hygiene factors,Growth needs,Core job dimensions,2,Hygiene factors prevent dissatisfaction but do not necessarily motivate.,Medium,Industrial/Organizational Psychology,Exam 10,Exam 10
"In the job characteristics model, skill variety, task identity, task significance, autonomy, and feedback are important because they influence:",Only absenteeism directly,Critical psychological states that affect internal motivation,Only external rewards,The validity of performance ratings,2,"These job dimensions affect meaningfulness, responsibility, and knowledge of results.",Medium,Industrial/Organizational Psychology,Exam 10,Exam 10
Job enrichment is best described as:,Reducing task complexity to decrease stress,"Redesigning jobs to increase responsibility, autonomy, and meaningfulness",Giving all employees the same tasks,Replacing pay with praise,2,Job enrichment enhances intrinsic motivation by increasing job depth.,Medium,Industrial/Organizational Psychology,Exam 10,Exam 10
Self-determination perspectives emphasize that intrinsic motivation is strengthened when people experience:,Coercion and rigid control,"Autonomy, competence, and relatedness",Constant surveillance,Outcome uncertainty only,2,These are the three basic psychological needs that foster intrinsic motivation.,Medium,Industrial/Organizational Psychology,Exam 10,Exam 10
Which outcome is most directly associated with employee engagement?,"Vigor, dedication, and absorption in work",Withdrawal from all work roles,Chronic role ambiguity only,Automatic immunity from stress,1,"Engagement is characterized by energy, involvement, and focus.",Medium,Industrial/Organizational Psychology,Exam 10,Exam 10
Organizational commitment refers most directly to:,A worker’s attachment to and identification with the organization,The worker’s need for salary alone,A supervisor’s rating error,A method of analyzing tasks,1,Commitment reflects emotional attachment and desire to remain.,Medium,Industrial/Organizational Psychology,Exam 10,Exam 10
An employee continues to report to work but exerts little effort and withholds helpful behaviors. This pattern most directly reflects low:,Organizational citizenship behavior,Task identity,Psychometric reliability,External validity,1,OCB involves discretionary effort beyond formal job duties.,Medium,Industrial/Organizational Psychology,Exam 10,Exam 10
Counterproductive work behavior is best illustrated by which example?,Volunteering to help a new coworker,Deliberately falsifying a time record,Attending optional training,Suggesting a process improvement,2,CWB includes harmful behaviors such as dishonesty and rule violations.,Medium,Industrial/Organizational Psychology,Exam 10,Exam 10
Burnout is most commonly characterized by:,"Euphoria, novelty seeking, and hyperactivity","Emotional exhaustion, cynicism or depersonalization, and reduced personal accomplishment",Only physical illness without psychological symptoms,Improved engagement after chronic overload,2,"Burnout consists of exhaustion, detachment, and inefficacy.",Medium,Industrial/Organizational Psychology,Exam 10,Exam 10
Role ambiguity is a work stressor that occurs when:,An employee has too much vacation time,Job expectations and responsibilities are unclear,Two employees receive equal pay,The work group is very cohesive,2,Ambiguity arises from unclear expectations and duties.,Medium,Industrial/Organizational Psychology,Exam 10,Exam 10
Role conflict occurs when:,Job demands are fully compatible and clear,An employee faces incompatible expectations from different sources or roles,A worker receives useful feedback,The organization decentralizes authority,2,Role conflict involves incompatible demands.,Medium,Industrial/Organizational Psychology,Exam 10,Exam 10
A coping strategy aimed at changing the source of stress rather than merely managing emotional reactions is called:,Problem-focused coping,Emotion-focused coping,Disengagement by definition,Halo coping,1,It targets the root cause of stress.,Medium,Industrial/Organizational Psychology,Exam 10,Exam 10
Employee assistance programs are commonly used to:,Conduct job analysis,Provide counseling and referral for employee problems such as substance abuse or personal stress,Replace all disciplinary systems,Set corporate strategy,2,EAPs support employee well-being.,Medium,Industrial/Organizational Psychology,Exam 10,Exam 10
Downward communication refers to messages that flow:,From subordinates to superiors,Across departments only,From higher levels of the hierarchy to lower levels,Through the grapevine only,3,Downward communication moves from management to employees.,Medium,Industrial/Organizational Psychology,Exam 10,Exam 10
The grapevine in organizations refers to:,A formal chain of command,An informal communication network,A legal complaint system,A job evaluation method,2,The grapevine is informal communication.,Medium,Industrial/Organizational Psychology,Exam 10,Exam 10
Noise in the communication process refers to:,Only loud sounds in the office,"Anything that interferes with accurate transmission, reception, or interpretation of a message",Only employee resistance to feedback,Formal memos from top management,2,Noise includes all barriers to communication.,Medium,Industrial/Organizational Psychology,Exam 10,Exam 10
A team decision becomes more extreme than the average initial position of its members. This is called:,Social loafing,Group polarization,Norming,Task identity,2,Group discussion intensifies initial positions.,Medium,Industrial/Organizational Psychology,Exam 10,Exam 10
A highly cohesive group that suppresses dissent and fails to critically evaluate alternatives is showing:,Group efficacy,Groupthink,Role clarity,Social facilitation,2,Groupthink involves poor decision-making due to conformity pressures.,Medium,Industrial/Organizational Psychology,Exam 10,Exam 10
Social loafing is most likely when:,Individual contributions are identifiable and important,People believe their individual effort cannot be distinguished within group output,Members receive performance feedback tied to personal contribution,The task is highly meaningful and involving,2,Social loafing occurs when accountability is low and individual contributions are not identifiable.,Medium,Industrial/Organizational Psychology,Exam 10,Exam 10
Which conflict management style is highest in both assertiveness and cooperativeness?,Avoiding,Competing,Accommodating,Collaborating,4,Collaborating seeks mutually beneficial solutions and reflects high assertiveness and cooperativeness.,Medium,Industrial/Organizational Psychology,Exam 10,Exam 10
"A leader who emerges because team members perceive intelligence, confidence, and social skill is demonstrating the idea of:",Leader emergence,Punishment theory,Downsizing,Role overload,1,Leader emergence refers to being perceived as a leader based on traits and behaviors.,Medium,Industrial/Organizational Psychology,Exam 10,Exam 10
Trait approaches to leadership are most focused on:,Stable personal characteristics associated with leadership,Only job redesign techniques,The sequence of team development stages,The ethics of psychological assessment,1,Trait theory examines enduring characteristics linked to leadership effectiveness.,Medium,Industrial/Organizational Psychology,Exam 10,Exam 10
"According to contingency approaches, effective leadership depends mainly on:",Using the same style in all situations,A match between leader behavior or style and situational demands,Having the highest intelligence in the company,Avoiding all participative decision making,2,Contingency theories emphasize fit between leadership style and situation.,Medium,Industrial/Organizational Psychology,Exam 10,Exam 10
"In Fiedler’s contingency model, LPC stands for:",Leader Performance Coefficient,Least Preferred Coworker,Leadership Position Control,Lowest Possible Criterion,2,LPC measures leadership orientation in Fiedler’s model.,Medium,Industrial/Organizational Psychology,Exam 10,Exam 10
Path-goal theory suggests that leaders should:,Ignore subordinate characteristics,Clarify paths to goals and adjust leader behavior to employee and task needs,Always use autocratic decision making,Focus only on maintaining strict hierarchy,2,Leaders facilitate goal achievement by removing obstacles and providing guidance.,Medium,Industrial/Organizational Psychology,Exam 10,Exam 10
Transformational leadership is most associated with:,Punishing all errors immediately,"Inspiring followers through vision, meaning, and elevated commitment",Delegating all decisions without direction,Measuring only short-term output,2,Transformational leaders inspire and motivate beyond self-interest.,Medium,Industrial/Organizational Psychology,Exam 10,Exam 10
Leader-member exchange theory focuses on:,The quality of dyadic relationships between leaders and specific followers,The design of assembly lines,The fairness of selection tests,The structure of compensation bands,1,LMX theory examines leader-follower relationship quality.,Medium,Industrial/Organizational Psychology,Exam 10,Exam 10
Which source of power comes from possessing valuable knowledge or skill?,Legitimate power,Reward power,Expert power,Coercive power,3,Expert power derives from knowledge and expertise.,Medium,Industrial/Organizational Psychology,Exam 10,Exam 10
Organizational politics is best understood as:,Any formal policy manual,"Activities used to acquire, develop, and use power and influence in organizations",A synonym for leadership,Only illegal behavior in government agencies,2,Organizational politics involves influence beyond formal authority.,Medium,Industrial/Organizational Psychology,Exam 10,Exam 10
A centralized organization is one in which decision authority is located primarily:,At lower levels closest to operations,At the top of the hierarchy,Within temporary project teams only,Outside the organization,2,Centralization concentrates decision-making at higher levels.,Medium,Industrial/Organizational Psychology,Exam 10,Exam 10
A functional structure organizes work primarily by:,Geographic region,Product line,Common functions or specialties,Random assignment,3,Functional structures group employees by expertise.,Medium,Industrial/Organizational Psychology,Exam 10,Exam 10
Organizational culture refers to the:,Building architecture of the workplace only,"Shared values, assumptions, and norms that guide behavior in the organization",Payroll system used by the firm,Set of individual personalities in the company,2,Culture reflects shared meanings and norms.,Medium,Industrial/Organizational Psychology,Exam 10,Exam 10
Organizational development is best described as:,The process of helping organizations plan and manage change using behavioral science knowledge,The replacement of psychologists with consultants,A method of ranking employees,A legal defense in selection cases,1,OD focuses on planned change using behavioral science.,Medium,Industrial/Organizational Psychology,Exam 10,Exam 10
Empowerment in organizations generally involves:,Reducing employee discretion,"Increasing employees’ sense of control, participation, and responsibility",Eliminating accountability,Replacing all supervisors,2,Empowerment enhances autonomy and involvement.,Medium,Industrial/Organizational Psychology,Exam 10,Exam 10
Downsizing is most accurately defined as:,Hiring more employees after expansion,Reducing the workforce to improve efficiency or competitiveness,Rotating managers across divisions,Providing employees with flextime,2,Downsizing involves workforce reduction.,Medium,Industrial/Organizational Psychology,Exam 10,Exam 10
Telecommuting most directly illustrates the changing nature of work through:,Greater reliance on remote work enabled by communication technology,The end of all teamwork,The elimination of job analysis,The replacement of selection systems,1,Telecommuting reflects technology-enabled remote work.,Medium,Industrial/Organizational Psychology,Exam 10,Exam 10
Diversity in organizations is best viewed from an I/O perspective as:,A legal burden with no advantages,"A challenge that can also be a source of creativity, broader perspectives, and better market understanding",Relevant only to multinational corporations,Unrelated to team functioning,2,Diversity can enhance innovation and effectiveness.,Medium,Industrial/Organizational Psychology,Exam 10,Exam 10
A psychologically healthy ethical public statement by a practitioner should be:,Exaggerated to attract more clients,"Truthful, accurate, and not deceptive",Vague so no one can verify it,Based on unsupported guarantees of success,2,Ethical standards require honesty and accuracy.,Medium,Industrial/Organizational Psychology,Exam 10,Exam 10
"Under the PAP Code of Ethics, psychology practitioners should practice only within their:",Financial interests,Boundaries of competence,Personal preferences,Social media following,2,"Competence is based on training, education, and experience.",Medium,Industrial/Organizational Psychology,Exam 10,Exam 10
Confidential information may be disclosed without consent only when:,A coworker is curious,It is mandated or permitted by law for valid purposes such as protection from harm or necessary professional services,The practitioner wants to use the case in a lecture,The employer requests all data informally,2,Disclosure without consent is limited to legal or protective purposes.,Medium,Industrial/Organizational Psychology,Exam 10,Exam 10
Which is the most ethical response when a practitioner becomes aware of another practitioner’s possible ethical violation that may cause substantial harm?,Ignore it to avoid conflict,Consider appropriate reporting to proper authorities while respecting confidentiality limits,Post the allegation on social media,Threaten the person privately without documentation,2,Ethical duty includes preventing harm while following proper procedures.,Medium,Industrial/Organizational Psychology,Exam 10,Exam 10
"Before recording a client’s voice or image, the practitioner should first:",Assume consent because recording helps accuracy,Obtain consent and explain anticipated uses of the recording,Record secretly and disclose later,Request permission only from coworkers,2,Informed consent is required before recording.,Medium,Industrial/Organizational Psychology,Exam 10,Exam 10
"When using online or telepsychology modalities, the PAP Code of Ethics indicates that:",Ethical standards no longer apply because the interaction is virtual,"Only confidentiality applies, but not informed consent",Ethical principles governing face-to-face services still apply to virtual services,Test security is irrelevant online,3,Ethical standards extend to digital practice.,Medium,Industrial/Organizational Psychology,Exam 10,Exam 10
A psychometrician under RA 10029 may lawfully perform listed functions only:,Independently in all cases,Under the supervision of a licensed professional psychologist,Only when employed by government,Only for school settings,2,The law requires supervision by a licensed psychologist.,Medium,Industrial/Organizational Psychology,Exam 10,Exam 10
"Under RA 10029, which activity is within the psychometrician’s authorized functions, provided supervision requirements are met?",Administering and scoring objective personality tests,Conducting psychotherapy independently,Using projective tests without restriction,Issuing unsupervised diagnostic opinions as a psychologist,1,Psychometricians may administer structured tests under supervision.,Medium,Industrial/Organizational Psychology,Exam 10,Exam 10
Which activity is specifically excluded from the psychometrician’s scope as stated in RA 10029?,Scoring structured personality tests,Preparing written reports on authorized test results,Administering projective tests and other higher-level forms of psychological tests,Conducting preparatory intake interviews,3,Projective tests are excluded from psychometrician functions.,Medium,Industrial/Organizational Psychology,Exam 10,Exam 10
A psychometrician is asked to administer a projective test because the supervising psychologist is absent but says it is urgent. The best answer is:,Proceed because urgency overrides scope limits,Decline the task because projective testing is outside authorized psychometrician functions,Proceed if the client verbally agrees,Administer the test but do not score it,2,Legal scope of practice must be followed regardless of urgency.,Medium,Industrial/Organizational Psychology,Exam 10,Exam 10
"A practitioner receives a third-party request for organizational assessment services. Ethically, the first priority is to clarify:",Only the payment schedule,"The nature of the relationship, who the client is, expected role, probable uses of information, and limits of confidentiality",Only the report format,That confidentiality is unlimited in all circumstances,2,Ethical practice requires clear role definition and expectations.,Medium,Industrial/Organizational Psychology,Exam 10,Exam 10
A valid reason for not releasing raw test data to a nonqualified requester is that:,Raw scores are always easy to interpret by anyone,Test data are restricted because misuse can harm clients and the code limits release except in proper legal contexts,Only supervisors may see any report,Test results belong to social media once discussed online,2,Ethical guidelines protect test data from misuse.,Medium,Industrial/Organizational Psychology,Exam 10,Exam 10
A psychology practitioner who is becoming impaired by personal problems should ethically:,Continue all duties without reflection to avoid inconveniencing others,"Take appropriate steps such as consultation, assistance, or limiting duties when competence may be affected",Transfer all confidential files to friends for safekeeping,Ignore the issue unless a complaint is filed,2,Practitioners must manage impairment to protect clients.,Medium,Industrial/Organizational Psychology,Exam 10,Exam 10
Which practice is most consistent with informed consent in assessment?,Using highly technical language the client cannot understand,"Explaining the nature of services, risks, financial arrangements, and limits of confidentiality in understandable language",Skipping explanation because the client signed a form at reception,Withholding all information until after the test is completed,2,Informed consent requires clear and understandable explanation.,Medium,Industrial/Organizational Psychology,Exam 10,Exam 10
"A psychologist delegates part of an assessment task to an assistant. Ethically, the psychologist should ensure that the assistant:",Has any interest in psychology,"Can perform the task competently given education, training, or supervision",Works faster than the psychologist,Has access to all confidential files at home,2,Delegation must consider competence and supervision.,Medium,Industrial/Organizational Psychology,Exam 10,Exam 10
"Under the PAP Code, practitioners should avoid multiple relationships when such relationships are likely to:",Increase convenience,"Impair objectivity, competence, or effectiveness, or risk exploitation or harm",Reduce travel time,Improve marketing reach,2,Multiple relationships may compromise professional judgment and client welfare.,Medium,Industrial/Organizational Psychology,Exam 10,Exam 10
A practitioner wants to include a recognizable client case in a seminar presentation. The most ethical course is to:,Present it because educational purposes always override confidentiality,"Reveal the information only if written consent, legal authorization, or adequate disguise is in place",Use full identifying details if the audience is professional,Post the details first to obtain comments from colleagues,2,Confidentiality must be protected in public presentations.,Medium,Industrial/Organizational Psychology,Exam 10,Exam 10
Which statement best reflects the relationship between Philippine law and the PAP Code when they conflict and cannot be reconciled?,The ethics code always overrides law,The practitioner should ignore both,"The practitioner first attempts to resolve the conflict ethically, but if unresolved, adheres to law or governing authority",The conflict can be solved by personal preference,3,Legal requirements prevail when conflicts cannot be resolved.,Medium,Industrial/Organizational Psychology,Exam 10,Exam 10
A board-style item asks which topic most directly belongs to I/O psychology’s organizational side rather than its personnel side. The best answer is:,Job attitudes and leadership,Answer-sheet scoring,Optical mark reading,Projective test administration,1,"Organizational psychology focuses on attitudes, motivation, and leadership.",Medium,Industrial/Organizational Psychology,Exam 10,Exam 10
"An intervention designed to increase employees’ participation in decisions, increase autonomy, and strengthen ownership of outcomes is most likely intended to improve:",Empowerment,Range restriction,Central tendency error,Test-retest reliability,1,Such interventions enhance employee control and involvement.,Medium,Industrial/Organizational Psychology,Exam 10,Exam 10
Which statement about research ethics is most accurate?,Participants may never withdraw once data collection has started,Informed consent and protection of privacy are core ethical obligations in research,Debriefing is unethical because it reveals the study purpose,Only clinical studies require ethics,2,Ethical research requires informed consent and protection of participant confidentiality and welfare.,Medium,Industrial/Organizational Psychology,Exam 10,Exam 10
